D (mm),t (mm),L (mm),fy (MPa),fu (MPa),Ea (Gpa),fc (MPa),Ec (Gpa),N Test (kN)
168.8,2.64,305,302.4,,,18.2,,1326
168.8,2.64,305,302.4,,,34.7,,1219
169.3,2.62,305,338.1,,,37.1,,1308
169.3,2.62,305,338.1,,,34.1,,1330
168.3,3.6,305,288.4,,,27,,1557
168.3,3.6,305,288.4,,,33.3,,1432
168.3,3.6,305,288.4,,,33.3,,1463
168.8,5,305,200.2,,,33.4,,1966
168.8,5,305,200.2,,,33.4,,1970
168.8,5,305,200.2,,,27.9,,1984
168.8,5,305,200.2,,,27.9,,1984
168.8,2.64,1830,200.2,,208,18.2,,823
168.8,2.64,1830,200.2,,208,34.7,,916
169.3,2.62,1830,338.1,,199,37.1,,756
169.3,2.62,1830,338.1,,199,34.1,,689
168.3,3.6,2135,288.4,,168,27,,947
168.3,3.6,2135,288.4,,168,33.3,,1050
168.8,5,2135,302.4,,208,33.4,,1130
168.8,5,2135,302.4,,208,27.8,,1165
114.3,3.5,229,350,,,33.4,,969
114.3,4.5,229,339,,,33.4,,1069
178,9,360,283.31,,,22.16,,2922.38
178,9,360,283.31,,,22.16,,2853.74
178,9,360,283.31,,,45.4,,3216.58
178,9,360,283.31,,,45.4,,3177.35
179,5.5,360,248.5,,,22.16,,1814.23
179,5.5,360,248.5,,,23.93,,1814.23
179,5.5,360,248.5,,,43.64,,2039.78
179,5.5,360,248.5,,,43.64,,2029.98
174,3,360,265.96,,,23.93,,1314.09
174,3,360,265.96,,,23.93,,1304.28
174,3,360,265.96,,,45.7,,1608.29
174,3,360,265.96,,,45.7,,1676.94
159,5.07,477,381.5,,,41.5,,2230
630,7,1890,291.4,,,36,,16650
630,7.61,1890,349.5,,,35,,18000
630,8.44,1890,350,,,34.5,,18600
630,10.21,1890,323.3,,,38.4,,20500
630,11.6,1890,347.2,,,46,,24400
720,8.3,2160,312,,,15,,15000
820,8.93,2460,331,,,45,,33600
1020,9.64,3060,336,,,16.9,,30000
1020,13.25,3060,368.7,,,28.9,,46000
165,4.5,660,254.4,,,33.2,,1647
114,4.5,456,271,,,33.2,,1033
88.5,4,354,232,,,33.2,,602
60,3.5,240,223,,,33.2,,334
48,3.5,192,304,,,33.2,,273
131.76,2.38,264,235,,,17.4,,535
134.3,3.12,264,235,,,26.6,,681
130.6,4.3,264,235,,,26.6,,725
132.45,5.25,264,235,,,26.6,,872
134.1,6.2,264,235,,,26.6,,1006
101.8,2.94,200,320,,,18,,628
101.8,2.94,200,320,,,37.4,,660
101.8,5.7,200,305,,,18,,954
101.8,5.7,200,305,,,37.4,,971
100,0.52,200,244,,,18,,239
100,0.52,200,244,,,37.4,,396
86.49,2.74,270,226.7,,,30.2,,412
89.27,4,270,226.7,,,30.2,,491
86.54,2.8,270,226.7,,,48,,489
89.19,4.05,270,226.7,,,48,,605
165.2,4.17,660.8,358.7,,,40.9,,1594
76,2.2,266,390,,,57,,470
76,2.2,266,390,,,57,,480
76,2.2,266,390,,,57,,420
76,2.2,266,390,,,57,,465
101.7,2.4,356,380,,,57,,770
101.7,2.4,356,380,,,57,,775
101.7,2.4,356,380,,,57,,740
101.7,2.4,356,380,,,57,,690
101.7,2.4,356,380,,,57,,775
165,2.82,580.5,363.3,,,48.3,,1661.6
190,1.94,663.5,256.4,,,41,,1678.2
190,1.52,664.5,306.1,,,48.3,,1694.8
190,1.13,664.5,185.7,,,41,,1376.6
190,0.86,659,210.7,,,41,,1349.9
165,2.82,580.5,363.3,,,80.2,,2295
190,1.94,663.5,256.4,,,74.7,,2592
190,1.52,663.5,306.1,,,80.2,,2602
190,1.13,662.5,185.7,,,80.2,,2295
190,0.86,663.5,210.7,,,74.7,,2451
165,2.82,577.5,363.3,,,108,,2673
190,1.94,660,256.4,,,108,,3360
190,1.52,661.5,306.1,,,108,,3260
190,1.13,660,185.7,,,108,,3058
190,0.86,662,210.7,,,108,,3070
111.3,2,339,354.6,,,60.75,,855
113.6,3.2,338,354.6,,,60.75,,1145
114.8,3.9,338,357.7,,,60.75,,1116
115.9,4.9,356,309.5,,,60.75,,1174
130.6,2.3,396,324.3,,,60.75,,1250
133.1,4.5,397,324.3,,,60.75,,1535
141.8,4.3,419,433,,,60.75,,1618
159.8,6.3,476,482.5,,,60.75,,3123
165.7,5.1,497,373.3,,,60.75,,2309
101.3,1.5,310,264.9,,,21.9,,370
102.3,1.52,310,264.9,,,21.9,,485
104.2,2.44,310,264.9,,,21.9,,450
105,2.06,310,264.9,,,18.4,,539
105.1,2.85,310,264.9,,,18.4,,550
107.9,4.32,310,264.9,,,18.4,,686
107.9,4.32,424,264.9,,,18.4,,727
107.9,4.32,424,264.9,,,18.4,,734
107.9,4.32,424,264.9,,,18.4,,803
153.9,1.8,470,356.1,,,18.4,,981
154.2,2.65,470,356.1,,,18.4,,1294
155.6,2.63,470,356.1,,,23,,1300
159.3,5.25,470,356.1,,,21.9,,1577
160.2,5.4,470,356.1,,,21.9,,1775
159.8,5.08,470,356.1,,,21.9,,1746
264.6,4.55,812,323.4,,,21.9,,3579
265,4.75,812,323.4,,,21.9,,3789
264.4,4.5,812,323.4,,,21.9,,3357
111.3,2,399,354.6,,,42.7,,840
113.6,3.2,337,354.6,,,42.7,,1141
113.6,3.2,338,354.6,,,42.7,,1091
113.6,3.2,336,354.6,,,42.7,,1139
114.8,3.9,335,357.7,,,42.7,,1041
114.8,3.9,338,357.7,,,42.7,,1110
114.8,3.9,343,357.7,,,42.7,,1030
115.9,4.9,356,309.5,,,42.7,,1122
115.9,4.9,344,309.5,,,42.7,,1234
115.9,4.9,340,309.5,,,42.7,,1102
115.9,4.9,357,309.5,,,42.7,,1140
130.1,2.3,396,324.3,,,42.7,,1240
133.1,4.5,397,324.3,,,42.7,,1440
158.7,0.9,450,221,,,18.7,,699.7
157.5,1.5,450,308,,,18.7,,815.4
157.7,2.14,450,286,,,18.7,,907.5
273,8,1100,306.7,,,29.62,,5576
273,8,1100,306.7,,,40.28,,5194
273,8,1100,306.7,,,40.28,,5292
204,2,840,235.2,,,28.45,,1294
204,2,840,235.2,,,39.53,,1637
204,2,840,235.2,,,40.28,,1691
96,5,450,410.6,,,28.45,,1044
96,5,450,410.6,,,28.45,,1166
96,5,400,410.6,,,39.53,,1176
96,5,400,410.6,,,39.53,,1171
96,5,400,410.6,,,39.53,,1073
96,5,405,410.6,,,39.53,,1122
166,5,660,274.4,,,26.56,,1744
166,5,660,274.4,,,26.56,,1695
166,5,660,274.4,,,29.62,,1862
166,5,660,274.4,,,29.62,,1872
166,5,660,274.4,,,29.62,,1695
166,5,660,274.4,,,29.62,,1735
166,5,660,274.4,,,29.62,,2029
166,5,660,274.4,,,29.62,,2107
121,12,500,294,,,28.45,,2421
121,12,500,294,,,40.28,,2587
166,5,350,274.4,,,29.62,,1784
166,5,350,274.4,,,29.62,,2038
166,5,500,274.4,,,29.62,,1999
166,5,500,274.4,,,29.62,,2043
166,5,660,274.4,,,29.62,,1975
320,7,260,249.9,,,46.57,,7909
320,7,440,249.9,,,46.57,,5900
320,7,520,249.9,,,46.57,,5890
320,7,520,249.9,,,46.57,,6380
108,4,338.88,324,,,28.99,,1117.2
108,4,338.88,324,,,28.99,,1058.4
108,4,338.88,324,,,28.99,,1073.1
125,1,438,232,,,106.02,,1275
125,1,438,232,,,106.02,,1239
127,2,445,258,,,106.02,,1491
127,2,445,258,,,106.02,,1339
133,3.5,465,352,,,106.02,,1995
133,3.5,465,352,,,106.02,,1991
133,3.5,465,352,,,106.02,,1962
133,4.7,465,352,,,106.02,,2273
133,4.7,465,352,,,106.02,,2158
133,4.7,465,352,,,106.02,,2253
127,7,445,429,,,106.02,,3404
127,7,445,429,,,106.02,,3370
127,7,445,429,,,106.02,,3364
108,4.5,378,358,,,77.4,,1535
108,4.5,378,358,,,77.4,,1578
108,4.5,378,358,,,77.4,,1518
100,2.5,300,433.2,,,45.77,,828
100,3,300,426.3,,,35.17,,777
210,2.5,630,237.2,,,26.56,,1637
100,2.5,300,244,,,34.85,,670
100,2,300,236.2,,,34.85,,537
100,1.5,300,232.3,,,34.85,,505
92,3,276,260.7,,,23.37,,538
108,4,324,332,,,41.17,,970
100,2.5,300,433.2,,,48.35,,828
210,2.5,630,237.2,,,27.82,,1637
100,2.5,300,244,,,36.19,,670
100,1.5,300,232.3,,,36.19,,505
100,2,300,236.2,,,36.19,,537
106,3,278,298.9,,,43.21,,848
101.5,3.4,203,602.7,,,32.68,,1080
153,3.2,322,413.6,,,21.54,,1191
76.5,1.7,153,361.6,,,24.37,,344
300,3,1000,274.4,,,9.9,,2636
300,3,1000,274.4,,,28.72,,3420
300,3,1000,266.9,,,24.12,,3038
92,3,276,260.7,,,20.71,,538
108,4.5,324,259.7,,,20.22,,931
108,4,324,332,,,39.23,,970
108,4.2,324,259.7,,,20.54,,916
210,2.5,630,237.2,,,26.56,,1637
106,3,418,298.9,,,36.14,,736
101.6,3.03,305,371,,,23.2,,635
101.8,3.03,305,371,,,23.2,,679
101.8,3.03,305,371,,,23.2,,632
216.5,6.61,650,452,,,24.3,,3568
318.5,10.37,955,335,,,24.2,,6901
101.6,3.03,305,371,,,40.2,,864
101.7,3.03,305,371,,,40.2,,803
216.5,6.61,650,452,,,38.2,,4200
318.4,10.37,955,335,,,39.2,,7742
101.5,3.03,305,371,,,51.3,,859
101.9,3.03,305,371,,,51.3,,926
216.4,6.61,650,452,,,46.7,,4283
318.3,10.37,955,335,,,52.2,,9297
101.4,3.03,305,371,,,23.2,,660
101.9,3.03,305,371,,,23.2,,649
101.8,3.03,305,371,,,23.2,,682
216.4,6.61,649,452,,,24.3,,3568
318.3,10.37,955,335,,,24.2,,6565
101.7,3.03,305,371,,,40.2,,800
101.3,3.03,305,371,,,40.2,,742
216.4,6.61,649,452,,,38.2,,4023
318.3,10.37,955,335,,,39.2,,7933
101.9,3.03,305,371,,,51.3,,877
101.5,3.03,305,371,,,51.3,,862
216.4,6.61,649,452,,,46.8,,4214
318.5,10.37,955,335,,,52.2,,8289
100,3,300,303.5,,,46.8,,708
100,3,300,303.5,,,46.8,,820
100,3,300,303.5,,,46.8,,766
100,3,300,303.5,,,46.8,,820
100,3,300,303.5,,,46.8,,780
100,3,300,303.5,,,46.8,,814
200,3,600,303.5,,,46.8,,2320
200,3,600,303.5,,,46.8,,2330
200,3,600,303.5,,,46.8,,2160
200,3,600,303.5,,,46.8,,2160
200,3,600,303.5,,,46.8,,2383
200,3,600,303.5,,,46.8,,2256
200,3,2000,303.5,,206.5,46.8,,1830
200,3,2001,303.5,,206.5,46.8,,1806
200,3,2002,303.5,,206.5,46.8,,1882
200,3,2003,303.5,,206.5,46.8,,2060
200,3,2004,303.5,,206.5,46.8,,2115
108,4.5,240,409.64,,,28.6,,1244.6
108,4.5,240,409.64,,,28.6,,1234.8
108,4.5,285,409.64,,,28.6,,1254.4
108,4.5,290,409.64,,,28.6,,1225
108,4.5,340,409.64,,,28.6,,1161.3
108,4.5,380,409.64,,,28.6,,1166.2
108,4.5,380,409.64,,,28.6,,1210.3
108,4.5,400,409.64,,,28.6,,1871.8
108.6,4.6,326,271.9,,,30.7,,757
114.3,3.35,343,287.33,,,32.68,,737
114.3,3.35,343,287.33,,,58.68,,952
114.3,3.35,343,287.33,,,88.78,,1136.2
114.3,3.35,343,287.33,,,105.45,,1453.1
114.3,6,343,342.95,,,32.68,,1075.4
114.3,6,343,342.95,,,58.68,,1329.1
114.3,6,343,342.95,,,88.78,,1496
114.3,6,343,342.95,,,105.45,,1683.4
114.3,6,343,342.95,,,73.3,,1361.6
219,4.78,650,350,,,41.9,,3400
219,4.72,650,350,,,41.9,,3350
219,4.75,650,350,,,34.1,,3150
219,4.74,650,350,,,41.9,,3160
219,4.73,650,350,,,34.1,,3150
219,4.72,650,350,,,41.9,,3380
219,4.73,650,350,,,41.9,,3600
219,4.73,650,350,,,41.9,,2900
219,4.74,650,350,,,41.9,,2680
165,2.43,510,350,,,68.7,,2080
165,2.76,510,350,,,68.7,,2060
165,2.81,510,350,,,68.7,,2160
165,2.81,510,350,,,68.7,,2095
165,2.76,510,350,,,68.7,,2250
165,2.72,510,350,,,48.5,,1750
165,2.74,510,350,,,48.5,,1785
165,2.75,510,350,,,38.4,,1560
95,12.5,1420,279,,209,20.6,,947
95,12.75,1420,277,,209,20.6,,938
95,12.4,1420,277,,209,20.6,,907
95,12.6,860,279,,209,20.6,,1018
95,12.7,860,277,,209,20.6,,1008
95,12.7,860,277,,209,20.6,,1034
95,12.8,1980,283,,209,20.6,,886
95,12.5,1980,280,,209,20.6,,907
95,12.6,1980,294,,209,20.6,,917
95,3.66,860,332,,209,25.3,,656
95,3.68,860,392,,209,25.3,,686
95,3.4,860,340,,209,25.3,,656
95,3.86,1420,332,,209,25.3,,567
95,3.91,1420,392,,209,25.3,,606
95,3.58,1420,340,,209,25.3,,576
95,3.76,1980,332,,209,25.3,,536
95,3.78,1980,392,,209,25.3,,567
95,3.51,1980,340,,209,25.3,,488
216,4.06,2220,289,,209,23.2,,1023
216,4.11,2220,304,,209,23.2,,1834
216,4.04,2220,293,,209,30.2,,2289
216,4.11,2220,291,,209,30.2,,2239
216,6.05,2220,395,,209,23.2,,2462
216,5.97,2220,399,,209,23.2,,2421
216,6.5,2220,300,,209,30.2,,2804
216,6.3,2220,411,,209,30.2,,2932
95,3.86,1980,337,,209,24.4,,498
95,3.4,1980,343,,209,24.4,,473
95,3.58,1980,360,,209,24.4,,473
95,3.73,1980,332,,209,24.4,,413
121,3.66,1050,300,,209,21.4,,695
121,3.73,1050,333,,209,21.4,,746
121,3.76,1050,313,,209,24.6,,837
121,3.99,1050,332,,209,24.6,,867
121,5.61,1050,349,,209,21.4,,998
121,5.41,1050,348,,209,21.4,,1018
121,5.46,1050,336,,209,24.6,,1099
121,5.56,1050,327,,209,24.6,,1079
121,3.71,2310,300,,209,21.4,,641
121,3.76,2310,333,,209,21.4,,629
121,3.71,2310,313,,209,24.6,,695
121,3.86,2310,332,,209,24.6,,755
121,5.69,2310,349,,209,21.4,,786
121,5.49,2310,348,,209,21.4,,816
121,5.64,2310,336,,209,24.6,,874
121,5.44,2310,327,,209,24.6,,865
50.8,1.65,1524,532,,207,21.6,,115.2
50.8,1.65,1524,532,,207,21.6,,114.3
50.8,1.65,1524,532,,207,28.3,,120.5
69.9,1.24,1524,532,,207,28.3,,230.9
76.2,1.65,1524,532,,207,27.4,,226.4
76.2,1.65,1524,532,,207,27.4,,245.1
76.2,1.65,1524,532,,207,27.7,,320.3
101.68,3.07,1524,605.08,735.67,,34.13,,818.47
101.73,3.1,1524,605.08,735.67,,31.16,,800.68
101.7,3.07,203.28,605.08,735.67,,34.13,,1112.06
101.7,3.07,203.25,605.08,735.67,,31.16,,1067.57
120.65,4.09,1050.04,451.61,500.42,,34.4,,1156.54
120.83,4.09,1050.04,451.61,500.42,,29.58,,1092.71
120.83,4.09,1050.04,451.61,500.42,,25.92,,949.7
120.83,4.06,241.33,451.61,500.42,,34.4,,1201.02
120.8,4.09,241.35,451.61,500.42,,29.58,,1201.02
120.83,4.09,241.35,451.61,500.42,,25.92,,1112.06
152.6,3.15,1676.4,415.13,513.31,,20.89,,938.57
152.7,3.15,1676.4,415.13,513.31,,23.1,,880.75
152.63,3.18,304.8,415.13,513.31,,20.89,,1201.02
152.6,3.15,304.93,415.13,513.31,,23.1,,1201.02
152.58,4.93,304.9,633.42,774.28,,41.99,,2909.14
152.55,4.9,304.88,633.42,774.28,,43.44,,2913.59
76.48,1.7,1524,363.28,511.25,,24.96,,244.65
76.43,1.7,152.35,363.28,511.25,,24.96,,355.86
76.43,1.73,609.55,363.28,511.25,,40.89,,411.46
76.48,1.73,609.45,363.28,511.25,,25.92,,330.28
76.45,1.68,152.35,363.28,511.25,,40.89,,434.59
76.43,1.7,152.37,363.28,511.25,,25.92,,372.32
76.45,1.7,152.4,363.28,511.25,,33.3,,433.26
76.45,1.73,152.48,363.28,511.25,,33.3,,434.59
114.3,3.18,914,420,,203,29.4,,712
114.3,3.18,914,420,,203,29.4,,756
127,2.41,914,294,,203,35.6,,627
127,2.41,914,294,,203,35.6,,623
127,2.41,914,294,,203,35.6,,658
152.4,1.55,914,336,,203,21.4,,682
152.4,1.55,914,336,,203,26.3,,721
152.4,1.55,914,336,,203,26.3,,733
355.6,11.18,1880,361,,203,38.6,,11460
355.6,11.18,1880,361,,203,33.3,,10710
355.6,4.72,1880,281,,203,21.3,,3517
355.6,7.98,2083,361,,203,23.8,,7433
127.3,1.63,711,376,,203,67.2,,1285
127.3,1.63,711,334,,203,67.2,,1285
127.1,2.95,711,376,,203,67.2,,1305
127.1,2.95,711,334,,203,67.2,,1305
140.1,9.68,406,270,,203,32.6,,2949
140.1,9.68,406,273,,203,32.6,,2949
140.4,4.93,406,293,,203,33.2,,1824
140.4,4.93,406,302,,203,33.2,,1824
168.2,4.52,813,302,,203,31.9,,2006
168.4,4.52,813,302,,203,43.8,,2233
168.2,4.52,813,302,,203,43.8,,2113
168.3,4.47,813,302,,203,23.4,,1744
88.9,5.84,1727,406,,217,41.5,,614.7
88.9,5.84,1422,406,,217,41.5,,711.7
88.9,5.84,1118,406,,217,41.5,,715.2
88.9,5.84,813,406,,217,41.5,,918.5
88.9,5.84,508,406,,217,41.5,,991.9
88.9,5.84,508,406,,217,41.5,,889.6
82.55,1.4,1727,490,,217,41.5,,224.6
82.55,1.4,1422,490,,217,41.5,,294.5
82.55,1.4,1118,490,,217,41.5,,355.8
82.55,1.4,813,490,,217,41.5,,400.3
82.55,1.4,508,490,,217,41.5,,489.3
108,4.5,4158,348.1,,200,25.4,,342
108,4.5,4158,348.1,,200,25.4,,292
108,4.5,4158,348.1,,200,37.4,,298
108,4.5,4158,348.1,,200,37.4,,280
108,4.5,4023,348.1,,200,37.4,,318
108,4.5,4023,348.1,,200,37.4,,320
108,4.5,3807,348.1,,200,25.4,,350
108,4.5,3807,348.1,,200,25.4,,370
108,4.5,3510,348.1,,200,25.4,,400
108,4.5,3510,348.1,,200,25.4,,390
108,4.5,3510,348.1,,200,37.4,,440
114,1.79,850,266,,184,37,,515
114,3.35,850,291,,186,37,,785
114,4.44,850,332,,200,37,,902
114,6,850,486,,215,37,,1334
114,5.91,1250,486,,215,25,,1177
114,1.93,1750,266,,184,33,,461
114,3.32,1750,291,,186,30,,628
114,5.94,1750,486,,215,37,,1138
114,1.78,2250,266,,184,28,,373
114,3.31,2320,291,,186,24,,535
114,6.14,2250,486,,215,28,,1000
114,1.72,2750,266,,184,36,,353
114,3.41,2750,291,,186,36,,569
114,4.49,2750,332,,200,31,,657
114,6.11,2750,486,,215,33,,941
215.9,4.09,2220,292,,200,22.9,,1650
215.9,4.09,2220,292,,200,30,,2264
215.9,6,2220,392,,200,22.9,,2442
215.9,6,2220,350,,200,30,,2869
120.9,3.76,1050,312,,200,21.1,,721
120.9,3.76,2310,312,,200,21.1,,636
120.9,5.53,1050,343,,200,21.1,,1010
120.9,5.53,1050,343,,200,24.2,,1090
95,3.65,1370,350,,200,25,,667
95,3.65,1420,350,,200,25,,583
95,3.65,1980,350,,200,25,,529
165,2.82,580.5,363.3,,200.6,48.3,,1661.6
190,1.94,663.5,256.4,,204.7,41,,1678.2
190,1.52,664.5,306.1,,207.4,48.3,,1694.8
190,1.13,664.5,185.7,,178.4,41,,1376.6
190,0.86,659,210.7,,177,41,,1349.9
165,2.82,580.5,363.3,,200.6,80.2,,2295
190,1.94,663.5,256.4,,204.7,74.7,,2592
190,1.52,663.5,306.1,,207.4,80.2,,2602
190,1.13,662.5,185.7,,178.4,80.2,,2295
190,0.86,663.5,210.7,,177,74.7,,2451
165,2.82,577.5,363.3,,200.6,108,,2673
190,1.94,660,256.4,,204.7,108,,3360
190,1.52,661.5,306.1,,207.4,108,,3260
190,1.13,660,185.7,,178.4,108,,3058
190,0.86,662,210.7,,177,108,,3070
165,4.3,2440,317.7,,200,43.3,,1149
160,4.5,2420,317.7,,200,43.3,,1561
165,4.3,3640,317.7,,200,43.3,,987
190.7,6,1150,505,,200,55.9,,3064
190.7,6,2300,505,,200,55.9,,2610
190.7,6,2450,505,,200,55.9,,2060
190.7,6,1150,505,,200,48.4,,3150
190.7,6,3450,505,,200,48.4,,2130
267.4,7,1600,461,,200,55.9,,5180
267.4,7,3200,461,,200,55.9,,4540
267.4,7,4800,461,,200,55.9,,3630
267.4,7,1600,461,,200,48.4,,5190
267.4,7,4800,461,,200,48.4,,3900
166,5,1100,274.4,,200,29.62,,1985
166,5,710,277.34,,200,39.06,,1656.2
166,5,710,277.34,,200,42.24,,1906.1
166,5,870,313.6,,200,42.24,,1827.7
166,5,870,284.2,,200,42.24,,1862
166,5,1700,294,,200,42.24,,1543.5
166,5,1700,313.6,,200,42.24,,1460.2
166,5,2700,289.1,,200,28.09,,1117.2
166,5,2700,289.1,,200,28.09,,1271.06
166,5,3700,287.14,,200,28.09,,983.92
166,5,3700,287.14,,200,28.09,,958.44
108,4,648,338.88,,200,28.99,,825.16
108,4,648,338.88,,200,28.99,,828.1
108,4,864,338.88,,200,28.99,,766.36
108,4,864,338.88,,200,28.99,,801.64
108,4,864,338.88,,200,28.99,,869.26
108,4,1080,338.88,,200,28.99,,836.92
108,4,1080,338.88,,200,28.99,,783.02
108,4,1620,338.88,,200,28.99,,707.56
108,4,1620,338.88,,200,28.99,,646.8
108,4,1620,338.88,,200,28.99,,643.86
108,4,2160,338.88,,200,28.99,,672.28
108,4,2160,338.88,,200,28.99,,697.76
108,4,2160,338.88,,200,28.99,,676.2
108,4,2700,338.88,,200,28.99,,648.76
108,4,3240,338.88,,200,28.99,,559.58
108,4,3240,338.88,,200,28.99,,478.24
108,4,3240,338.88,,200,28.99,,600.74
108,4,4320,338.88,,200,28.99,,373.38
108,4,4320,338.88,,200,28.99,,345.94
108,4,4320,338.88,,200,28.99,,294
108,4,5400,338.88,,200,28.99,,225.4
108,4,5400,338.88,,200,28.99,,210.7
108,4,5560,338.88,,200,28.99,,212.5
104,2,524,344,,200,32.65,,540
105,2.5,530,344,,200,35.65,,613
106,3,536,344,,200,33.47,,674
107,3.5,542,379.8,,200,31.87,,835
107,4,542,379.8,,200,31.87,,889
108,4.5,548,344,,200,33.5,,917
108,5,548,379.8,,200,33.5,,1084
160,2.5,960,433.2,,200,32.22,,1426
140,2.5,840,433.2,,200,38.88,,1124
140,3,840,426.3,,200,33.06,,1208
100,2.5,600,433.2,,200,45.77,,750
100,3,600,426.3,,200,29.13,,723
200,2,930,237.2,,200,24.24,,1411
210,2.5,1040,237.2,,200,27.07,,1607
210,3,1040,233.2,,200,27.07,,1705
180,3,860,233.2,,200,24.24,,1352
250,7,1480,243,,200,46.57,,4116
240,10,1440,269,,200,49.8,,5135
166,5,1040,288.1,,200,54.33,,1862
166,5,1040,288.1,,200,43.89,,1764
166,5,1040,288.1,,200,26.73,,1372
166,5,1040,288.1,,200,29.72,,1495
166,5,1040,288.1,,200,23,,1392
166,5,1040,288.1,,200,44.11,,1695
166,5,1040,288.1,,200,55.65,,1852
166,5,1040,288.1,,200,37.75,,1627
140,5.3,840,378.3,,200,21.86,,1326
140,5,840,378.3,,200,30.58,,1379
140,5,840,378.3,,200,34.92,,1501
140,5.3,840,378.3,,200,51.5,,1664
140,5,840,378.3,,200,42.25,,1539
92,3,460,260.7,,200,20.71,,501
92,3,920,260.7,,200,20.71,,431
92,3,1380,260.7,,200,20.71,,409
108,4.5,648,259.7,,200,20.22,,665
108,4.5,972,259.7,,200,20.22,,666
108,4.5,1296,259.7,,200,20.22,,563
108,4.5,1620,259.7,,200,20.22,,524
108,4.5,1994,259.7,,200,20.22,,495
108,4,540,327.1,,200,39.23,,836
108,4,756,337.6,,200,35.33,,785
108,4,972,337.6,,200,33.54,,736
108,4,1188,327.1,,200,34.03,,686
108,4,1404,332,,200,33.15,,686
108,4,1620,347.7,,200,33.15,,672
108,4.2,648,259.7,,200,20.54,,722
108,4.2,972,259.7,,200,22.84,,640
210,2.5,1040,237.2,,200,27.07,,1607
210,2.5,1670,237.2,,200,26.56,,1323
165.2,4.17,1322,358.7,,200,40.9,,1445
165.2,4.17,1982,358.7,,200,40.9,,1305
165.2,4.17,2974,358.7,,200,40.9,,1180
165.2,4.17,3965,358.7,,200,40.9,,956
165.2,4.17,4956,358.7,,200,40.9,,800
165,4.7,2475,355,,227,33.4,,1058
165,4.7,2476,355,,227,33.4,,1037
165,4.7,2477,355,,227,10,,800
165,4.7,2478,355,,227,10,,834
110,1.9,2200,350,,220,33.4,,437
110,1.9,2200,350,,220,33.4,,368
110,1.9,2200,350,,220,33.4,,355
110,1.9,2200,350,,220,33.4,,374
110,1.9,2200,350,,220,10,,269
110,1.9,2200,350,,220,10,,252
110,1.9,2200,350,,220,10,,211
110,1.9,2200,350,,220,10,,219
108,4,540,332.02,,200,40.4,,835.9
108,4.5,445,409.64,,200,28.6,,970.2
108,4.5,485,409.64,,200,28.6,,1205.4
140,5,840,378.28,,200,45.1,,1667
108,4.5,970,259.7,,200,32.2,,740.9
220,10,2400,224.22,,200,36.6,,1729.3
240,12,2400,191.79,,200,54.5,,3900.4
152,7,912,283.22,,200,42.9,,1693.4
140,5.5,840,333.2,,200,42.9,,1379.8
164,6,1700,356.82,,200,31.5,,1633.7
95,3.5,860,348.88,,200,26.2,,665.4
95,3.5,1420,348.88,,200,26.2,,582.1
121,4,1050,311.15,,200,22.2,,702.7
121,4,1050,317.03,,200,26.5,,851.6
121,6,1050,349.37,,200,22.2,,1007.4
121,6,1050,325.85,,200,26.5,,1088.8
216,6,2220,391.02,,200,24.1,,2440.2
216,6,2220,379.26,,200,31.4,,2865.5
216,4,2220,289.39,,200,24.1,,1868.9
216,4,2220,287.14,,200,31.4,,2261.8
153,3.2,1679,413.56,,200,21.8,,901.6
101,3.4,1530,602.7,,200,32.2,,802.6
121,4.8,1048,449.82,,200,33.9,,1146.6
121,4.8,1048,449.82,,200,29.1,,1078
121,4.8,1048,449.82,,200,25.6,,940.8
318.5,6.9,4200,301.84,,200,47,,5494.9
500,11,5000,253.2,,200,47,,12838
500,11,5000,235.2,,200,43.7,,11838.4
210,2.5,1670,235.2,,200,27.7,,1323
108,4,756,337.61,,200,36.3,,785
108,4,972,337.61,,200,34.5,,737
108,4,1404,332.02,,200,34.1,,686
108,4,1620,351.23,,200,34.1,,637
140,5,840,378.28,,200,23.1,,1283.8
140,5,840,378.28,,200,31.6,,1391.6
140,5,840,378.28,,200,45.1,,1685.6
140,5,840,178.28,,200,51,,1705.2
100,2.5,600,244.02,,200,43.4,,686
100,2,900,236.18,,200,43.4,,587
100,2,600,236.18,,200,36.7,,558.6
100,2,600,236.18,,200,36.7,,512.5
100,4.5,1080,259.7,,200,28.1,,743.8
106,3.5,1080,259.7,,200,28.1,,559.6
104,2.5,1080,259.7,,200,28.1,,433.2
108,4,1188,327.12,,200,35,,686
169,7.5,690,360,,200,70.8,,3080
169,7.5,690,360,,200,70.8,,4190
169,7.5,1768,360,,200,70.8,,2870
76,2,1555,275,,205,41.6,,355
76,2,1556,275,,205,41.6,,330
219,6,1000,325,,196,58,,2989
219,4,1000,325,,196,47.6,,1931
219,4,1000,325,,196,52.3,,1980
219,7,990,273,,200,38.2,,3278
219,7,990,273,,200,38.2,,3278
219,7,990,273,,200,38.2,,3278
219,7,1200,273,,200,38.2,,3200
219,7,1200,273,,200,38.2,,3200
219,7,1200,273,,200,38.2,,3200
219,7,1420,273,,200,38.2,,3070
219,7,1420,273,,200,38.2,,3070
219,7,1420,273,,200,38.2,,3070
219,7,1640,273,,200,38.2,,2956
219,7,1640,273,,200,38.2,,2956
219,7,1640,273,,200,38.2,,2956
114.3,3.35,571.5,287.33,,200,32.68,,739.5
114.3,3.35,800,287.33,,200,32.68,,631.5
114.3,3.35,1143,287.33,,200,32.68,,599.3
114.3,3.35,571.5,287.33,,200,58.68,,902.9
114.3,3.35,800,287.33,,200,58.68,,868.5
114.3,3.35,1143,287.33,,200,58.68,,809.2
114.3,3.35,571.5,287.33,,200,88.78,,1180.7
114.3,3.35,800,287.33,,200,88.78,,1198.3
114.3,3.35,1143,287.33,,200,88.78,,1111.6
114.3,3.35,571.5,287.33,,200,105.45,,1407.1
114.3,3.35,800,287.33,,200,105.45,,1375.8
114.3,3.35,1143,287.33,,200,105.45,,1319.9
114.3,6,571.5,342.95,,200,32.68,,1016.6
114.3,6,800,342.95,,200,32.68,,1057.1
114.3,6,1143,342.95,,200,32.68,,872.2
114.3,6,571.5,342.95,,200,58.68,,1263.2
114.3,6,800,342.95,,200,58.68,,1190
114.3,6,1143,342.95,,200,58.68,,1120.6
114.3,6,571.5,342.95,,200,88.78,,1448.1
114.3,6,800,342.95,,200,88.78,,1400.6
114.3,6,1143,342.95,,200,88.78,,1442.4
114.3,6,571.5,342.95,,200,105.45,,1607.4
114.3,6,800,342.95,,200,105.45,,1622.5
114.3,6,1143,342.95,,200,105.45,,1574.3
114.3,6,571.5,342.95,,200,73.3,,1308.5
114.3,6,800,342.95,,200,22.5,,925.9
114.3,6,1143,342.95,,200,58.2,,1126.9
160.1,4.98,2000,280,,200,40,,1261
160.2,4.96,2500,281,,200,41,,1244
160.3,5,3000,270,,200,43,,1236
160.2,4.97,3500,273,,200,41,,1193
159.9,4.98,4000,281,,200,45,,1091
159.8,5.01,2000,283,,200,70,,1650
159.7,5.2,2500,281,,200,71,,1562
159.8,5.1,3000,276,,200,73,,1468
160.1,4.98,3500,276,,200,74,,1326
160.2,5.02,4000,281,,200,71,,1231
160.3,5.03,2000,281,,200,99,,2000
159.8,5.01,2500,275,,200,100,,1818
159.7,4.97,3000,275,,200,101,,1636
159.6,4.98,3500,270,,200,106,,1454
159.8,4.97,4000,270,,200,102,,1333
218.25,6.05,4365,302.04,,,39.32,,1716.16
218.25,6.45,3285,302.04,,,42.17,,2064.3
218.25,6.3,2204,302.04,,,37.07,,2412.44
218.25,6.5,943,302.04,,,37.07,,2755.67
218.5,6.38,941.5,302.04,,,37.07,,2745.86
219.25,6.05,941.5,302.04,,,37.07,,2804.7
95,3.8,4318,281.45,,,39.32,,202.02
95.25,3.7,4320,281.45,,,39.32,,154.95
95.5,3.63,4320,281.45,,,39.32,,140.24
95.25,3.78,2844,281.45,,,42.17,,279.49
95.25,3.7,2844,281.45,,,42.17,,281.45
95.5,3.83,2844,281.45,,,42.17,,291.26
95.5,3.73,1942.5,281.45,,,37.07,,362.85
95.25,3.78,1942,281.45,,,37.07,,406.98
95.25,3.78,1943.25,281.45,,,37.07,,406.98
95.5,3.75,1469,281.45,,,42.17,,444.24
95.25,3.73,1466.75,281.45,,,42.17,,441.3
95,3.7,1468,281.45,,,42.17,,495.24
95.5,3.7,997.5,281.45,,,42.17,,524.66
95.25,3.55,992,281.45,,,42.17,,507
95.25,3.68,995,281.45,,,42.17,,534.46
95.25,3.73,504,281.45,,,42.17,,637.43
95.5,3.75,503.75,281.45,,,42.17,,632.53
95.5,3.73,505,281.45,,,42.17,,666.85
273,8,1100,306.95,,,34.72,,5579.98
273,8,1100,306.95,,,11.87,,4040.34
273,8,1100,306.95,,,11.87,,3844.21
273,8,1100,306.95,,,17.46,,5197.52
273,8,1100,306.95,,,17.46,,5295.59
204,2,880,235.36,,,12.16,,1068.92
204,2,880,235.36,,,12.16,,1039.5
204,2,840,235.36,,,33.44,,1294.48
204,2,840,235.36,,,46.09,,1637.71
204,2,840,235.36,,,46.88,,1691.65
96,5,410,410.9,,,12.16,,912.02
96,5,450,410.9,,,12.16,,843.37
96,5,450,410.9,,,33.44,,1044.41
96,5,450,410.9,,,33.44,,1166.99
96,5,400,410.9,,,46.09,,1176.8
96,5,400,410.9,,,46.09,,1171.89
96,5,400,410.9,,,46.09,,1073.83
96,5,405,410.9,,,46.09,,1122.86
121,12,500,294.2,,,12.16,,2417.34
121,12,500,294.2,,,12.16,,2373.21
121,12,500,294.2,,,33.44,,2500.7
166,5,660,274.59,,,31.38,,1745.58
166,5,660,274.59,,,31.38,,1696.55
166,5,660,274.59,,,34.72,,1863.26
166,5,660,274.59,,,34.72,,1873.07
166,5,660,274.59,,,34.72,,1696.55
166,5,660,274.59,,,34.72,,1735.78
166,5,660,274.59,,,34.72,,2029.98
166,5,660,274.59,,,34.72,,2108.43
121,12,500,294.2,,,11.87,,2333.98
121,12,500,294.2,,,33.44,,2422.24
121,12,500,294.2,,,46.88,,2588.96
166,5,350,274.59,,,34.72,,1784.81
166,5,350,274.59,,,34.72,,2039.78
166,5,500,274.59,,,34.72,,2000.56
166,5,500,274.59,,,34.72,,2044.69
166,5,660,274.59,,,34.72,,1976.04
166,5,1100,274.59,,,34.72,,1985.85
320,7,260,250.07,,,52.96,,7913.97
320,7,440,250.07,,,52.96,,5903.6
320,7,520,250.07,,,52.96,,5893.8
320,7,520,250.07,,,52.96,,6384.13
121,12,200,294.2,,,9.17,,2706.64
121,12,200,294.2,,,15.69,,2745.86
121,12,200,294.2,,,15.69,,2843.93
108,4,324,339.11,,,34.03,,1117.96
108,4,324,339.11,,,34.03,,1059.12
108,4,324,339.11,,,34.03,,1073.83
108,4,648,339.11,,,34.03,,825.72
108,4,648,339.11,,,34.03,,828.66
108,4,864,339.11,,,34.03,,766.88
108,4,864,339.11,,,34.03,,802.18
108,4,864,339.11,,,34.03,,869.85
108,4,1080,339.11,,,34.03,,837.49
108,4,1080,339.11,,,34.03,,783.55
108,4,1620,339.11,,,34.03,,708.04
108,4,1620,339.11,,,34.03,,647.24
108,4,1620,339.11,,,34.03,,644.3
108,4,2160,339.11,,,34.03,,672.74
108,4,2160,339.11,,,34.03,,698.23
108,4,2160,339.11,,,34.03,,676.66
108,4,2700,339.11,,,34.03,,649.2
108,4,3240,339.11,,,34.03,,559.96
108,4,3240,339.11,,,34.03,,478.56
108,4,3240,339.11,,,34.03,,601.15
108,4,4320,339.11,,,34.03,,373.63
108,4,4320,339.11,,,34.03,,343.23
108,4,4320,339.11,,,34.03,,294.2
108,4,5400,339.11,,,34.03,,225.55
108,4,5400,339.11,,,34.03,,210.84
108,4,5400,339.11,,,34.03,,212.8
101.8,2.94,200,319.7,430.51,,17.95,,627.63
101.8,2.94,200,319.7,430.51,,37.36,,659.99
101.8,5.7,200,304.99,421.69,,17.95,,953.21
101.8,5.7,200,304.99,421.69,,37.36,,970.86
100,0.52,200,244.19,350.1,,17.95,,238.3
100,0.52,200,244.19,350.1,,17.95,,242.22
100,0.52,200,244.19,350.1,,17.95,,237.32
100,0.52,200,244.19,350.1,,37.36,,389.32
100,0.52,200,244.19,350.1,,37.36,,394.23
100,0.52,200,244.19,350.1,,37.36,,404.03
150,0.7,480,245.17,,,22.56,,538.39
150,0.7,800,245.17,,,22.56,,513.87
150,1.4,800,245.17,,,22.56,,697.25
150,2.1,800,245.17,,,22.56,,787.47
150,0.7,480,245.17,,,33.44,,744.32
150,2.1,800,245.17,,,35.3,,1073.83
159,5.07,477,391.5,,,41.5,,2230
630,7,1890,291.4,,,36,,16650
630,7.61,1890,349.5,,,35,,18000
630,8.44,1890,350,,,34.5,,18600
630,10.21,1890,323.3,,,38.4,,20500
630,11.6,1890,347.2,,,46,,24400
720,8.3,2160,312,,,15,,15000
820,8.93,2460,331,,,45,,33600
1020,9.64,3060,336,,,16.9,,30000
1020,13.25,3060,368.7,,,28.9,,46000
190.7,6,1150,505.04,604.09,,55.9,,3062.62
190.7,6,2300,505.04,604.09,,55.9,,2611.51
190.7,6,3450,505.04,604.09,,55.9,,2059.4
190.7,6,1150,505.04,604.09,,48.35,,3147.93
190.7,6,3450,505.04,604.09,,48.35,,2132.95
267.4,7,1600,460.91,593.3,,55.9,,5180.85
267.4,7,3200,460.91,593.3,,55.9,,4533.61
267.4,7,4800,460.91,593.3,,55.9,,3625.52
267.4,7,1600,460.91,593.3,,48.35,,5187.72
267.4,7,4800,460.91,593.3,,48.35,,3903.05
323.9,5.6,1000,443.9,,,92.3,,11481
323.9,5.6,4000,478,,,92.3,,10401
139.7,9.22,914.4,681.92,,,38.41,,3047.03
139.7,9.22,914.4,681.92,,,38.41,,2597.76
139.7,9.22,3048,681.92,,,38.41,,2001.7
177.8,12.75,914.4,593.66,,,38.41,,5253.35
177.8,12.75,914.4,593.66,,,38.41,,5524.69
177.8,12.75,3048,593.66,,,38.41,,4310.33
165.2,4.5,661,413.84,493.27,,40.89,,1562.2
165.2,4.5,1322,413.84,493.27,,40.89,,1412.16
165.2,4.5,1982,413.84,493.27,,40.89,,1371.95
165.2,4.5,2974,413.84,493.27,,40.89,,1147.38
165.2,4.5,3965,413.84,493.27,,40.89,,1018.91
165.2,4.5,4956,413.84,493.27,,40.89,,781.59
190,1.11,662,203.1,299,662,110.3,,3030
190,1.11,656,203.1,299,656,110.3,,2940
190,1.11,662,203.1,299,662,110.3,,3140
190,1.11,662,203.1,299,662,94.7,,2462
190,1.11,664,203.1,299,664,110.3,,3055
190,1.11,660,203.1,299,660,110.3,,3000
140.8,3,635,285,,,28.18,,881
141.4,6.5,635,313,,,23.81,,1825
140,6.68,635,537,,,28.18,,2715
101.5,2.4,2175,410,475,,58,,523
165,2.82,580.5,363.3,466.9,,48.3,,1662
190,1.94,663.5,256.4,369,,41,,1678
190,1.52,664.5,306.1,381.2,,48.3,,1695
190,1.13,664.5,185.7,307.6,,41,,1377
190,0.86,659,210.7,322.1,,41,,1350
165,2.82,580.5,363.3,466.9,,80.2,,2295
190,1.94,663.5,256.4,369,,74.7,,2592
190,1.52,663.5,306.1,381.2,,80.2,,2602
190,1.13,662.5,185.7,307.6,,80.2,,2295
190,0.86,663.5,210.7,322.1,,74.7,,2451
165,2.82,577.5,363.3,466.9,,108,,2673
190,1.94,660,256.4,369,,108,,3360
190,1.52,661.5,306.1,381.2,,108,,3260
190,1.13,660,185.7,307.6,,108,,3058
190,0.86,662,210.7,322.1,,108,,3070
159,4.8,650,433,568,,64.5,,2150
219,6,1000,325,390,,58,,2989
219,4,1000,325,390,,47.6,,1930.6
219,4,1000,325,390,,52.3,,1979.6
133,4.5,1862,325,,,42.2,,882
133,4.5,1862,325,,,42.2,,715
133,4.5,2793,325,,,42.2,,784
133,4.5,465,325,,,42.2,,800
114.43,3.98,300,343,,,31.4,,948
114.57,3.99,300,343,,,93.6,,1308
114.43,3.82,300,343,,,34.7,,929
114.26,3.93,300,343,,,97.2,,1359
114.88,4.91,300.5,365,,,34.7,,1380
115.04,4.92,300,365,,,104.9,,1787
115.02,5.02,300.5,365,,,57.6,,1413
114.49,3.75,299.3,343,,,57.6,,1038
114.29,3.75,300,343,,,57.6,,1067
114.3,3.85,300,343,,,31.9,,998
114.09,3.85,300.5,343,,,31.9,,948
114.54,3.84,300,343,,,98.9,,1359
114.37,3.85,299.5,343,,,98.9,,1182
149,2.96,447,308,340,,25.4,,941
149,2.96,447,308,340,,40.5,,1064
149,2.96,447,308,340,,40.5,,1080
149,2.96,447,308,340,,77,,1781
301,2.96,903,279,284,,25.4,,2382
300,2.96,900,279,284,,41.1,,3277
300,2.96,900,279,284,,41.1,,3152
301,2.96,903,279,284,,80.3,,5540
450,2.96,1350,279,284,,25.4,,4415
450,2.96,1350,279,284,,41.1,,6870
450,2.96,1350,279,284,,41.1,,6985
450,2.96,1350,279,284,,85.1,,11665
122,4.54,366,576,636,,25.4,,1509
122,4.54,366,576,636,,40.5,,1657
122,4.54,366,576,636,,40.5,,1663
122,4.54,366,576,636,,77,,2100
239,4.54,717,507,531,,25.4,,3035
238,4.54,714,507,531,,40.5,,3583
238,4.54,714,507,531,,40.5,,3647
238,4.54,714,507,531,,77,,5578
361,4.54,1083,525,548,,25.4,,5633
361,4.54,1083,525,548,,41.1,,7260
360,4.54,1080,525,548,,41.1,,7045
360,4.54,1080,525,548,,85.1,,11505
108,6.47,324,853,940,,25.4,,2275
109,6.47,327,853,940,,40.5,,2446
108,6.47,324,853,940,,40.5,,2402
108,6.47,324,853,940,,77,,2713
222,6.47,666,843,875,,25.4,,4964
222,6.47,666,843,875,,40.5,,5638
222,6.47,666,843,875,,40.5,,5714
222,6.47,666,843,875,,77,,7304
337,6.47,1011,823,863,,25.4,,8475
337,6.47,1011,823,863,,41.1,,9668
337,6.47,1011,823,863,,41.1,,9835
337,6.47,1011,823,863,,85.1,,13776
100,1.9,300,404,,,121.6,,1125
100,1.9,300,404,,,121.6,,1085
100,1.9,300,404,,,121.6,,1100
100,1.9,300,404,,,121.6,,1170
100,1.9,900,404,,,121.6,,1065
100,1.9,900,404,,,121.6,,980
100,1.9,1500,404,,,121.6,,907
100,1.9,1500,404,,,121.6,,760
100,1.9,3000,404,,,121.6,,288
100,1.9,3000,404,,,121.6,,317.5
360,6,1760,498,567,,31.5,,6888
300,12,1580,479,631,,31.5,,9823
114.85,3,1000,354.05,432.35,,40.3,,806.4
114.85,3,1500,354.05,432.35,,40.3,,688.2
114.85,3,2000,354.05,432.35,,40.3,,632.2
114.85,3,2500,354.05,432.35,,40.3,,566.1
127.3,3,1000,345.2,430.4,,40.3,,912.1
127.3,3,1500,345.2,430.4,,40.3,,848.5
127.3,3,2000,345.2,430.4,,40.3,,715.8
127.3,3,2500,345.2,430.4,,40.3,,638.8
139.2,3,1000,361.95,457.85,,40.3,,1059.8
139.2,3,1500,361.95,457.85,,40.3,,941.9
139.2,3,2000,361.95,457.85,,40.3,,868.3
139.2,3,2500,361.95,457.85,,40.3,,750.7
152.4,3,1000,488.2,549.6,,30.9,,1463.3
152.4,3,1500,488.2,549.6,,30.9,,1209.1
152.4,3,2000,488.2,549.6,,30.9,,1167.3
152.4,3,2500,394.3,480.2,,30.9,,968.9
165.1,3,1000,438.2,500.9,,30.9,,1549.5
165.1,3,1500,438.2,500.9,,30.9,,1338
165.1,3,2000,438.2,500.9,,30.9,,1234.5
165.1,3,2500,430.3,480.15,,30.9,,1232
193.7,3,1000,398.8,479.1,,30.9,,1999.6
193.7,3.5,1500,398.8,479.1,,30.9,,1817.1
193.7,3.5,2000,398.8,479.1,,30.9,,1796.3
193.7,3.5,2500,392.2,470.8,,30.9,,1620.8
150,3,675,324.4,466.5,,52.6,,1462
150,3,900,324.4,466.5,,52.6,,1489
111.64,1.9,400,261.3,,,47.8,,666.6
111.64,1.9,400,261.3,,,56.7,,701.9
113.64,3.64,400,259.6,,,56.7,,1011
76.21,2.52,300,286,381,,145,,752
76.12,2.51,300,286,381,,145,,762
76.11,2.48,300,286,381,,145,,774
76.19,2.99,300,278,374,,145,,805
75.84,2.99,300,278,374,,145,,796
75.97,2.98,300,278,374,,145,,801
76.18,3.31,300,305,402,,145,,841
159,6,2135,394,,,37.7,,1414
159,6,2135,457,,,120.1,,2792
159,6,2135,487,,,116,,2193
114.3,2.74,300,235,,,56.2,,901.81
114.3,2.74,300,235,,,66.75,,981.23
114.3,2.74,300,235,,,107.2,,1295.06
114.3,5.9,300,355,,,56.2,,1735.77
114.3,5.9,300,355,,,66.75,,1818.62
114.3,5.9,300,355,,,107.2,,1989.86
114.3,2.74,600,235,,,56.2,,947.75
114.3,2.74,600,235,,,66.75,,1031.92
114.3,2.74,600,235,,,107.2,,1296.61
114.3,5.9,600,355,,,56.2,,1723.19
114.3,5.9,600,355,,,66.75,,1810.94
114.3,5.9,600,355,,,107.2,,1968.06
114.3,2.74,900,235,,,56.2,,877.28
114.3,2.74,900,235,,,66.75,,983.51
114.3,2.74,900,235,,,107.2,,1233.24
114.3,5.9,900,355,,,56.2,,1592.48
114.3,5.9,900,355,,,66.75,,1713.34
114.3,5.9,900,355,,,107.2,,1907.29
152,1.7,900,270,,,73,,1550
152,1.7,900,270,,,73,,1458
152,1.7,500,270,,,73,,1548
152,1.7,500,270,,,73,,1448
152,1.7,660,328,,,85,,1863
152,1.7,660,328,,,85,,1895
114.3,3.6,250,403,505,213,173.5,63,2422
114.3,3.6,250,403,505,213,173.5,63,2340
114.3,3.6,250,403,505,213,184.2,63,2497
114.3,3.6,250,403,505,213,184.2,63,2314
114.3,3.6,250,428,519,209,173.5,63,2610
114.3,3.6,250,428,519,209,173.5,63,2633
219.1,5,600,380,511,205,51.6,28,3118
219.1,5,600,380,511,205,185.1,66,7837
219.1,5,600,380,511,205,193.3,67,8664
219.1,10,600,381,509,212,51.6,28,5241
219.1,10,600,381,509,212,185.1,66,9085
219.1,10,600,381,509,212,193.3,67,9187
219.1,6.3,600,300,467,202,163,62,6915
219.1,6.3,600,300,467,202,175.4,58,7407
219.1,6.3,600,300,467,202,148.8,54,6838
219.1,6.3,600,300,467,202,174.5,56,7569
219.1,16,4195,374,551,202,186,,6402
273,10,4195,412,521,204,180,,8648
165,2.37,615,287.5,448.4,207.4,30.2,31.2,1008
165,2.37,615,287.5,448.4,207.4,30.2,31.2,996
558.1,16.53,997.5,546,,195.59,31.7,30.35,29050
557.65,16.52,994.9,546,,195.59,31.7,30.35,28830
559.4,16.54,994.85,546,,195.59,31.7,30.35,29590
114.3,3.6,250,403,505,213,173.5,63,2422
114.3,3.6,250,403,505,213,173.5,63,2340
114.3,3.6,250,403,505,213,184.2,63,2497
114.3,3.6,250,403,505,213,184.2,63,2314
114.3,6.3,250,428,519,209,173.5,63,2610
114.3,6.3,250,428,519,209,173.5,63,2633
219.1,5,600,380,511,205,51.6,28,3118
219.1,5,600,380,511,205,185.1,66,7837
219.1,5,600,380,511,205,193.3,67,8664
219.1,10,600,381,509,212,51.6,28,5241
219.1,10,600,381,509,212,185.1,66,9085
219.1,10,600,381,509,212,193.3,67,9187
219.1,16,4195,374,551,202,186,68,6324
273,10,4195,412,521,204,180,68,8592
113.7,2.09,342,269.9,395.4,,59,45.8,904
113.7,2.06,342,269.9,395.4,,113.2,45.83,1491
113.7,2.05,342,269.9,395.4,,130.8,45.61,1535
114.9,3.93,342,304.3,370.8,,59,45.8,1163
114.9,4.01,342,304.3,370.8,,113.2,45.83,1631
114.9,4.01,342,304.3,370.8,,130.8,45.61,1748
107.9,7.99,342,251.8,421.1,,59,45.8,1249
107.9,8.01,342,251.8,421.1,,113.2,45.83,1482
107.9,8.03,342,251.8,421.1,,130.8,45.61,1613
168.3,2.8,300,317.8,,210,37.71,,1282.5
168.3,2.8,300,317.8,,210,93.74,,2375.7
159,3,300,336.28,,210,33.39,,1185.7
159,3,300,336.28,,210,90.85,,2021.7
120,2.5,300,445.52,,210,41.44,,879.2
120,2.5,300,445.52,,210,94.68,,1417.2
100,3,300,432.09,,210,34.04,,724
100,3,300,432.82,,210,93.51,,1141.3
101.6,3,300,425.03,,210,34.04,,703.3
101.6,3,300,425.03,,210,93.51,,1075.5
200,6,695,451,577,215,38,27.6,3503
200,6,695,451,577,215,38,27.6,3519
200,6,695,451,577,215,80.5,35.1,4463
200,6,695,451,577,215,80.5,35.1,4423
200,6,695,451,577,215,112.1,40.4,5071
200,6,695,451,577,215,112.1,40.4,5040
200,6,695,451,577,215,112.1,40.4,5099
153,1.54,306,345,512,187,73.2,38.8,1823
153,1.54,306,345,512,187,73.2,38.8,1842
153,1.54,306,345,512,187,73.2,38.8,1872
250,2.48,500,326,477,191,73.2,38.8,4871
250,2.48,500,326,477,191,73.2,38.8,4528
250,2.48,500,326,477,191,73.2,38.8,4733
372,3.64,744,320,451,185,73.2,38.8,9163
372,3.64,744,320,451,185,73.2,38.8,9996
372,3.64,744,320,451,185,73.2,38.8,9604
469,4.66,938,291,448,186,73.2,38.8,15827
469,4.66,938,291,448,186,73.2,38.8,16670
469,4.66,938,291,448,186,73.2,38.8,15239
157,2.48,314,326,477,191,73.2,38.8,2117
157,2.48,314,326,477,191,73.2,38.8,2058
157,2.48,314,326,477,191,73.2,38.8,2068
282,4.36,564,322,484,194,73.2,38.8,6811
282,4.36,564,322,484,194,73.2,38.8,6380
282,4.36,564,322,484,194,73.2,38.8,6860
358,5.66,716,290,450,184,73.2,38.8,9947
358,5.66,716,290,450,184,73.2,38.8,10045
358,5.66,716,290,450,184,73.2,38.8,9609
474,7.42,948,317,468,194,73.2,38.8,17787
474,7.42,948,317,468,194,73.2,38.8,18306
474,7.42,948,317,468,194,73.2,38.8,17885
153,3.64,306,320,451,185,73.2,38.8,2264
153,3.64,306,320,451,185,73.2,38.8,2274
153,3.64,306,320,451,185,73.2,38.8,2205
235,5.66,470,290,450,184,73.2,38.8,5390
235,5.66,470,290,450,184,73.2,38.8,5047
235,5.66,470,290,450,184,73.2,38.8,5096
393,9.38,786,312,451,196,73.2,38.8,13936
393,9.38,786,312,451,196,73.2,38.8,14406
393,9.38,786,312,451,196,73.2,38.8,14161
477,11.36,954,310,446,192,73.2,38.8,20237
477,11.36,954,310,446,192,73.2,38.8,20462
477,11.36,954,310,446,192,73.2,38.8,19854
44.45,1.25,700,250,,,42.4,,45.2
44.45,1.6,700,250,,,42.4,,69.4
44.45,2,700,250,,,42.4,,82
44.45,1.25,700,250,,,51.7,,68.6
44.45,1.6,700,250,,,51.7,,86.5
44.45,2,700,250,,,51.7,,104.8
44.45,1.25,700,250,,,60.7,,85.4
44.45,1.6,700,250,,,60.7,,101
44.45,2,700,250,,,60.7,,124
57.15,1.25,700,250,,,42.4,,119.8
57.15,1.6,700,250,,,42.4,,135
57.15,2,700,250,,,42.4,,144.3
57.15,1.25,700,250,,,51.7,,151.6
57.15,1.6,700,250,,,51.7,,173.1
57.15,2,700,250,,,51.7,,188.3
57.15,1.25,700,250,,,60.7,,162
57.15,1.6,700,250,,,60.7,,181.7
57.15,2,700,250,,,60.7,,206.1
63.5,1.25,700,250,,,42.4,,150.5
63.5,1.6,700,250,,,42.4,,185.6
63.5,2,700,250,,,42.4,,202.3
63.5,1.25,700,250,,,51.7,,169.3
63.5,1.6,700,250,,,51.7,,210.5
63.5,2,700,250,,,51.7,,231.3
63.5,1.25,700,250,,,60.7,,181.2
63.5,1.6,700,250,,,60.7,,226.7
63.5,2,700,250,,,60.7,,240.6
44.45,1.25,490,250,,,42.4,,82
44.45,1.6,490,250,,,42.4,,96.5
44.45,2,490,250,,,42.4,,127.1
44.45,1.25,490,250,,,51.7,,94
44.45,1.6,490,250,,,51.7,,117.1
44.45,2,490,250,,,51.7,,138
44.45,1.25,490,250,,,60.7,,109.9
44.45,1.6,490,250,,,60.7,,130
44.45,2,490,250,,,60.7,,145.3
57.15,1.25,490,250,,,42.4,,163
57.15,1.6,490,250,,,42.4,,181.6
57.15,2,490,250,,,42.4,,205.8
57.15,1.25,490,250,,,51.7,,176.5
57.15,1.6,490,250,,,51.7,,192.1
57.15,2,490,250,,,51.7,,221.9
57.15,1.25,490,250,,,60.7,,187.2
57.15,1.6,490,250,,,60.7,,201.5
57.15,2,490,250,,,60.7,,231.3
63.5,1.25,490,250,,,42.4,,191.3
63.5,1.6,490,250,,,42.4,,226.3
63.5,2,490,250,,,42.4,,243.6
63.5,1.25,490,250,,,51.7,,208
63.5,1.6,490,250,,,51.7,,240.8
63.5,2,490,250,,,51.7,,269
63.5,1.25,490,250,,,60.7,,239.1
63.5,1.6,490,250,,,60.7,,262
63.5,2,490,250,,,60.7,,280.2
44.45,1.25,350,250,,,42.4,,83.83
44.45,1.6,350,250,,,42.4,,93.47
44.45,2,350,250,,,42.4,,104.22
44.45,1.25,350,250,,,51.7,,95.19
44.45,1.6,350,250,,,51.7,,104.45
44.45,2,350,250,,,51.7,,114.77
44.45,1.25,350,250,,,60.7,,106.52
44.45,1.6,350,250,,,60.7,,115.38
44.45,2,350,250,,,60.7,,125.27
57.15,1.25,350,250,,,42.4,,126.4
57.15,1.6,350,250,,,42.4,,139.22
57.15,2,350,250,,,42.4,,153.62
57.15,1.25,350,250,,,51.7,,145.86
57.15,1.6,350,250,,,51.7,,158.17
57.15,2,350,250,,,51.7,,172
57.15,1.25,350,250,,,60.7,,165.26
57.15,1.6,350,250,,,60.7,,177.06
57.15,2,350,250,,,60.7,,190.33
63.5,1.25,350,250,,,42.4,,150.42
63.5,1.6,350,250,,,42.4,,164.95
63.5,2,350,250,,,42.4,,181.34
63.5,1.25,350,250,,,51.7,,174.69
63.5,1.6,350,250,,,51.7,,188.69
63.5,2,350,250,,,51.7,,204.46
63.5,1.25,350,250,,,60.7,,198.88
63.5,1.6,350,250,,,60.7,,212.35
63.5,2,350,250,,,60.7,,227.53
140,4.5,420,374.2,,,28,,1275.3
140,4.5,420,374.2,,,28,,1294.5
140,4.5,420,374.2,,,39,,1406.4
140,4.5,420,374.2,,,39,,1405
140,4.5,420,374.2,,,52,,1524.3
140,4.5,420,374.2,,,52,,1530.4
140,4.5,420,462.9,,,28,,1646.7
140,4.5,420,462.9,,,28,,1662.3
140,4.5,420,462.9,,,39,,1763.9
140,4.5,420,462.9,,,39,,1753.8
140,4.5,420,462.9,,,52,,1865.2
140,4.5,420,462.9,,,52,,1871.6
216.3,8.2,648.9,381.1,,,41,,3788.4
216.3,8.2,648.9,381.1,,,41,,3800.3
190.7,5.3,572.1,382.5,,,41,,2530.3
190.7,5.3,572.1,382.5,,,41,,2544.8
216.3,4.5,648.9,371.9,,,41,,2740.4
216.3,4.5,648.9,371.9,,,41,,2751.2
60,1.87,180,282,358,201.5,85.2,41.54,312
60,1.87,180,282,358,201.5,85.2,41.54,320
100,1.87,300,282,358,201.5,85.2,41.54,822
100,1.87,300,282,358,201.5,85.2,41.54,845
150,1.87,450,282,358,201.5,85.2,41.54,1701
150,1.87,450,282,358,201.5,85.2,41.54,1670
200,1.87,600,282,358,201.5,85.2,41.54,2783
200,1.87,600,282,358,201.5,85.2,41.54,2824
250,1.87,750,282,358,201.5,85.2,41.54,3950
250,1.87,750,282,358,201.5,85.2,41.54,4102
60,2,180,404,514,207,85.2,41.54,427
60,2,180,404,514,207,85.2,41.54,415
100,2,300,404,514,207,85.2,41.54,930
100,2,300,404,514,207,85.2,41.54,920
150,2,450,404,514,207,85.2,41.54,1870
150,2,450,404,514,207,85.2,41.54,1743
200,2,600,404,514,207,85.2,41.54,3020
200,2,600,404,514,207,85.2,41.54,3011
250,2,750,404,514,207,85.2,41.54,4442
250,2,750,404,514,207,85.2,41.54,4550
60,2,180,404,514,207,90,41.54,432
60,2,180,404,514,207,90,41.54,437
150,2,450,404,514,207,90,41.54,1980
150,2,450,404,514,207,90,41.54,1910
250,2,750,404,514,207,90,41.54,4720
250,2,750,404,514,207,90,41.54,4800
108,4.5,4158,348.1,,202,31.8,27.6,342
108,4.5,4158,348.1,,202,31.8,27.6,292
108,4.5,4158,348.1,,202,46.8,28.4,298
108,4.5,4158,348.1,,202,46.8,28.4,280
108,4.5,4023,348.1,,202,46.8,28.4,318
108,4.5,4023,348.1,,202,46.8,28.4,320
108,4.5,3807,348.1,,202,31.8,27.6,350
108,4.5,3807,348.1,,202,31.8,27.6,370
108,4.5,3510,348.1,,202,31.8,27.6,400
108,4.5,3510,348.1,,202,31.8,27.6,390
108,4.5,3510,348.1,,202,46.8,28.4,440
151,3.2,620,265,,205.7,25.4,23.67,1129
150,3.2,620,265,,205.7,25.4,23.67,1123
199,3.2,835,265,,205.7,25.4,23.67,1535
198,3.2,835,265,,205.7,25.4,23.67,1560
251,3.2,1050,265,,205.7,25.4,23.67,2033
300,3.2,1250,265,,205.7,25.4,23.67,2012
350,3.2,1468,265,,205.7,25.4,23.67,3000
401,3.2,1680,265,,205.7,25.4,23.67,3680
450,3.2,1888,265,,205.7,25.4,23.67,4540
127,4.2,480,349,,201,84.2,,2205
127,4.2,480,349,,201,84.2,,2245
127,4.2,480,349,,201,84.2,,2254
133,5.8,480,427,,211,84.2,,3112
133,5.8,480,427,,211,84.2,,3187
133,5.8,480,427,,211,84.2,,3193
203,9.6,800,352,,209,84.2,,5988
203,9.6,800,352,,209,84.2,,5906
203,9.6,800,352,,209,84.2,,6010
129,3,387,306,417,205,53.7,,1068
129,3,387,306,417,205,55.3,,1093
129,3,387,306,417,205,56.3,,1118
129,3,387,306,417,205,58.8,,1162
131,4,393,306,417,205,53.7,,1280
131,4,393,306,417,205,55.3,,1360
131,4,393,306,417,205,56.3,,1403
131,4,393,306,417,205,58.8,,1459
133,5,399,306,417,205,53.7,,1454
133,5,399,306,417,205,55.3,,1470
133,5,399,306,417,205,56.3,,1518
133,5,399,306,417,205,58.8,,1569
129,3,387,306,417,205,60.9,,1095
129,3,387,306,417,205,62.4,,1128
129,3,387,306,417,205,64,,1147
129,3,387,306,417,205,66.2,,1192
131,4,393,306,417,205,60.9,,1320
131,4,393,306,417,205,62.4,,1389
131,4,393,306,417,205,64,,1430
131,4,393,306,417,205,66.2,,1452
133,5,399,306,417,205,60.9,,1548
133,5,399,306,417,205,62.4,,1581
133,5,399,306,417,205,64,,1609
133,5,399,306,417,205,66.2,,1661
129,3,387,306,417,205,69.7,,1266
129,3,387,306,417,205,71.6,,1287
129,3,387,306,417,205,74.6,,1301
129,3,387,306,417,205,76.4,,1356
131,4,393,306,417,205,69.7,,1469
131,4,393,306,417,205,71.6,,1482
131,4,393,306,417,205,74.6,,1496
131,4,393,306,417,205,76.4,,1542
133,5,399,306,417,205,69.7,,1659
133,5,399,306,417,205,71.6,,1673
133,5,399,306,417,205,74.6,,1712
133,5,399,306,417,205,76.4,,1774
219.1,6.3,600,300,,,163,,6916
219.1,6.3,600,300,,,175,,7400
219.1,6.3,600,300,,,149,,6817
219.1,6.3,600,300,,,175,,7569
108,3.5,324,420.5,,176.4,98.5,,1640
108,5.5,324,383.1,,181,98.5,,1809
108,8,324,351,,176.5,98.5,,1902
108,10,324,366.2,,193.1,98.5,,2185
108,12,324,430,,216.3,98.5,,2751
108,8,324,351,,176.5,97.3,,1906
108,8,324,351,,176.5,117,,1967
108,8,324,351,,176.5,97.4,,1893
108,8,324,351,,176.5,97.2,,1896
108,8,324,351,,176.5,91.9,,1885
108,8,324,351,,176.5,92.6,,1835
108,8,324,351,,176.5,91.6,,1889
108,8,324,351,,176.5,90,,1813
108,3.5,324,420.5,,176.4,108.8,,1720
108,5.5,324,383.1,,181,108.8,,1907
108,8,324,351,,176.5,108.8,,2037
108,10,324,366.2,,193.1,108.8,,2266
108,5.5,324,383.1,,181,101.3,,1849
108,5.5,324,383.1,,181,105,,1906
108,5.5,324,383.1,,181,114.4,,1908
108,5.5,324,383.1,,181,108,,1905
108,5.5,324,383.1,,181,127.9,,2021
108,5.5,324,383.1,,181,111.8,,1951
108,5.5,324,383.1,,181,108.7,,1925
108,5.5,324,383.1,,181,116.8,,1944
108,3.5,324,420.5,,176.4,90.3,,1633
108,5.5,324,383.1,,181,90.3,,1752
108,8,324,351,,176.5,90.3,,1883
108,10,324,366.2,,193.1,90.3,,2175
108,12,324,430,,216.3,90.3,,2713
108,10,324,366.2,,193.1,103.1,,2208
108,10,324,366.2,,193.1,113.1,,2331
108,10,324,366.2,,193.1,89.7,,2182
108,10,324,366.2,,193.1,95.9,,2273
108,10,324,366.2,,193.1,80,,2086
108,10,324,366.2,,193.1,93.7,,2177
108,10,324,366.2,,193.1,97.3,,2186
108,10,324,366.2,,193.1,79.8,,2097
156,4,996,295,430,203,47.5,,1450
156,4,1950,295,430,203,47.5,,1305
156,4,2904,295,430,203,47.5,,1198
