b (mm),h (mm),t (mm),L (mm),fy (MPa),fc (MPa),N Test (kN)
199.00,199.00,1.80,796.00,192.40,27.70,1403.00
197.00,197.00,1.55,797.00,192.40,27.70,1413.00
199.00,199.00,1.50,798.00,192.40,27.70,1362.00
199.00,199.00,1.63,798.00,192.40,25.40,1163.00
198.00,198.00,1.66,794.00,192.40,25.60,1310.00
199.00,199.00,1.68,796.00,192.40,25.60,1110.00
199.00,199.00,1.91,792.00,246.70,27.60,1360.00
199.00,199.00,1.86,797.00,246.70,27.60,1417.00
199.00,199.00,1.62,798.00,246.70,27.60,1360.00
198.00,198.00,1.72,797.00,246.70,25.70,1210.00
199.00,199.00,1.69,797.00,246.70,25.70,1160.00
199.00,199.00,1.66,796.00,246.70,25.80,1065.00
150.00,150.00,1.52,595.00,246.70,37.10,905.00
149.00,149.00,1.47,596.00,246.70,37.40,1000.00
150.00,150.00,1.60,598.00,246.70,37.40,950.00
148.00,148.00,1.57,598.00,246.70,25.80,660.00
149.00,149.00,1.64,595.00,246.70,25.90,710.00
200.00,200.00,2.93,793.00,256.40,27.60,1764.00
201.00,201.00,2.92,796.00,256.40,27.60,1760.00
198.00,198.00,2.92,797.00,256.40,27.60,1760.00
199.00,199.00,2.91,793.00,256.40,25.80,1546.00
200.00,200.00,2.93,792.00,256.40,25.90,1560.00
200.00,200.00,3.93,794.00,256.40,25.90,1509.00
199.00,199.00,3.99,796.00,279.00,36.20,2100.00
200.00,200.00,3.96,796.00,279.00,36.40,2100.00
200.00,200.00,4.93,796.00,294.00,36.00,2439.00
200.00,200.00,4.92,796.00,294.00,36.00,2465.00
149.00,149.00,3.91,598.00,279.00,37.00,1300.00
149.00,149.00,3.96,598.00,279.00,37.00,1340.00
149.00,149.00,3.94,597.00,279.00,37.00,1350.00
198.00,198.00,5.66,796.00,234.70,35.90,2330.00
198.00,198.00,5.96,797.00,234.70,36.00,2800.00
198.00,198.00,5.69,796.00,234.70,36.50,2190.00
150.00,150.00,4.93,595.00,294.90,36.90,1645.00
150.00,150.00,4.95,594.00,294.90,36.90,1630.00
150.00,150.00,4.96,595.00,294.90,36.90,1650.00
199.00,199.00,7.83,797.00,238.30,35.70,2700.00
200.00,200.00,7.80,796.00,238.30,35.70,2590.00
99.00,99.00,4.90,398.00,294.90,37.10,960.00
99.00,99.00,4.92,397.00,294.90,37.40,980.00
99.00,99.00,4.86,399.00,294.90,37.90,900.00
149.00,149.00,7.67,596.00,238.30,36.60,1845.00
149.00,149.00,7.67,596.00,238.30,36.60,1850.00
149.00,149.00,7.58,598.00,238.30,36.60,1750.00
98.00,98.00,5.74,399.00,234.70,37.90,950.00
99.00,99.00,5.84,398.00,234.70,37.90,950.00
99.00,99.00,5.85,395.00,234.70,38.00,850.00
99.00,99.00,7.72,396.00,238.30,38.00,1100.00
100.00,100.00,7.78,398.00,238.30,38.00,1050.00
99.00,99.00,7.82,397.00,238.30,38.00,1000.00
200.00,200.00,5.00,600.00,227.00,24.00,2061.00
200.00,200.00,5.00,600.00,227.00,28.80,2530.00
200.00,200.00,5.00,600.00,227.00,36.80,2468.00
300.00,300.00,5.00,900.00,227.00,24.00,3621.00
300.00,300.00,5.00,900.00,227.00,28.80,4603.00
300.00,300.00,5.00,900.00,227.00,36.80,4872.00
80.20,80.20,1.59,240.00,279.90,32.90,353.00
80.90,80.90,1.60,240.00,279.90,32.90,347.00
110.00,110.00,1.54,330.00,279.90,32.90,510.00
109.80,109.80,1.53,330.00,279.90,32.90,522.00
149.30,149.30,3.63,450.00,279.90,41.80,1771.00
149.30,149.30,3.63,450.00,279.90,41.80,1785.00
120.00,120.00,5.80,360.00,300.00,74.70,1697.00
120.00,120.00,5.80,360.00,300.00,92.00,1919.00
200.00,200.00,5.80,600.00,300.00,74.70,3996.00
200.00,200.00,5.80,600.00,300.00,74.70,3862.00
100.00,130.00,5.80,390.00,300.00,74.70,1601.00
100.00,130.00,5.80,390.00,300.00,74.70,1566.00
100.00,130.00,5.80,390.00,300.00,92.00,1854.00
100.00,130.00,5.80,390.00,300.00,92.00,1779.00
170.00,220.00,5.80,660.00,300.00,74.70,3684.00
170.00,220.00,5.80,660.00,300.00,74.70,3717.00
120.00,120.00,4.00,360.00,495.00,56.00,1739.00
120.00,120.00,4.00,360.00,495.00,56.00,1718.00
130.00,130.00,4.00,390.00,495.00,56.00,1963.00
130.00,130.00,4.00,390.00,495.00,56.00,1988.00
98.20,100.30,4.18,300.00,550.00,56.60,1490.00
100.60,101.50,4.18,300.00,550.00,56.60,1535.00
101.10,101.20,4.18,300.00,550.00,65.70,1740.00
100.40,100.70,4.18,300.00,550.00,65.70,1775.00
181.20,182.80,4.18,540.00,550.00,56.60,3590.00
180.40,181.80,4.18,540.00,550.00,65.70,4210.00
120.00,120.00,4.00,360.00,495.00,58.40,1701.00
120.00,120.00,4.00,360.00,495.00,58.40,1657.00
130.00,130.00,4.00,390.00,495.00,58.40,2020.00
130.00,130.00,4.00,390.00,495.00,58.40,2018.00
108.00,108.00,4.00,320.00,495.00,77.60,1749.00
108.00,108.00,4.00,320.00,495.00,77.60,1824.00
140.00,140.00,4.00,420.00,495.00,77.60,2752.00
140.00,140.00,4.00,420.00,495.00,77.60,2828.00
125.00,160.00,4.00,480.00,495.00,77.60,2580.00
125.00,160.00,4.00,480.00,495.00,77.60,2674.00
101.30,101.30,4.97,300.00,347.30,49.40,1310.00
103.60,103.60,4.90,300.00,347.30,49.40,1340.00
102.00,102.00,4.97,300.00,347.30,49.40,1370.00
142.00,142.00,5.11,420.00,347.30,49.40,2160.00
142.00,142.00,5.08,420.00,347.30,49.40,2250.00
141.40,141.40,5.07,420.00,347.30,49.40,2280.00
142.10,142.10,3.02,420.00,255.10,44.90,1360.00
142.10,142.10,3.02,420.00,255.10,44.90,1400.00
142.10,142.10,2.01,420.00,305.10,44.90,1328.00
142.10,142.10,2.01,420.00,305.10,44.90,1364.00
140.90,140.90,2.02,420.00,305.10,44.90,1280.00
103.50,103.50,5.01,300.00,347.30,58.60,1500.00
102.10,102.10,4.97,300.00,347.30,58.60,1330.00
101.90,101.90,5.03,300.00,347.30,58.60,1440.00
142.30,142.30,5.09,420.00,347.30,58.60,2520.00
142.40,142.40,5.10,420.00,347.30,58.60,2610.00
143.20,143.20,2.03,420.00,305.10,58.60,1990.00
142.30,142.30,2.01,420.00,305.10,58.60,1855.00
140.50,140.50,2.00,420.00,305.10,58.60,1780.00
141.50,141.50,3.08,420.00,255.10,58.60,1920.00
142.40,142.40,3.05,420.00,255.10,58.60,2060.00
141.60,141.60,3.04,420.00,255.10,58.60,1960.00
149.10,149.10,5.06,420.00,347.30,58.60,1700.00
143.10,143.10,3.02,420.00,255.10,44.90,1150.00
101.60,130.30,5.03,390.00,347.30,49.40,1580.00
102.30,130.30,5.14,390.00,347.30,49.40,1600.00
102.30,130.30,5.14,390.00,347.30,49.40,1640.00
120.20,166.30,2.94,480.00,255.10,49.40,1580.00
126.20,161.00,2.98,480.00,255.10,49.40,1580.00
126.00,160.30,2.92,480.00,255.10,49.40,1560.00
136.10,167.40,5.13,480.00,347.30,49.40,2510.00
135.30,170.80,5.07,510.00,347.30,49.40,2470.00
102.70,125.70,5.15,390.00,347.30,58.60,1840.00
120.40,130.00,5.03,390.00,347.30,58.60,1820.00
102.70,132.30,4.98,390.00,347.30,58.60,1725.00
122.50,157.10,2.01,480.00,305.10,58.60,1800.00
119.00,161.90,2.00,480.00,305.10,58.60,1740.00
125.10,160.40,2.85,480.00,255.10,58.60,1855.00
125.60,160.00,2.88,480.00,255.10,58.60,2030.00
125.00,161.10,2.81,480.00,255.10,58.60,2040.00
137.10,167.90,5.10,480.00,347.30,58.60,2600.00
133.20,172.70,5.08,480.00,347.30,58.60,2700.00
122.70,160.20,2.03,480.00,305.10,49.40,1400.00
119.40,160.10,2.01,480.00,305.10,49.40,1420.00
124.30,161.50,2.00,480.00,305.10,49.40,1320.00
149.30,149.30,3.63,448.00,283.60,31.70,1771.00
149.30,149.30,3.63,448.00,283.60,31.70,1785.00
149.10,149.10,3.69,448.00,283.60,31.70,1409.00
149.00,149.00,3.59,448.00,283.60,31.70,1370.00
148.60,148.60,3.67,448.00,283.60,31.70,1433.00
149.40,149.40,3.64,448.00,283.60,31.70,1399.00
120.00,120.00,2.65,360.00,340.00,12.20,635.00
120.00,120.00,2.65,360.00,340.00,21.90,778.00
76.00,76.00,3.09,228.00,199.00,36.10,275.00
75.90,75.90,3.09,228.00,199.00,74.40,382.00
75.80,75.80,3.09,227.00,199.00,74.40,374.00
76.00,76.00,3.09,228.00,199.00,108.60,514.00
88.10,88.10,1.76,269.00,115.00,36.10,299.00
88.00,88.00,1.76,264.00,115.00,74.40,467.00
88.00,88.00,1.76,264.00,115.00,108.60,722.00
101.70,101.70,2.32,300.00,145.00,36.10,415.00
101.60,101.60,2.32,300.00,145.00,74.40,651.00
101.50,101.50,2.32,300.00,145.00,108.60,1009.00
153.00,153.00,3.31,456.00,148.00,36.10,915.00
152.30,152.30,3.31,456.00,148.00,74.40,1566.00
152.50,152.50,3.31,455.00,148.00,108.60,2124.00
100.00,44.10,1.57,300.00,145.00,36.10,182.00
100.00,44.10,1.57,300.00,145.00,74.40,296.00
99.90,44.00,1.57,300.00,145.00,108.60,342.00
99.60,44.70,2.90,300.00,228.00,36.10,237.00
99.70,44.10,2.90,300.00,228.00,74.40,271.00
99.80,44.20,2.90,300.00,228.00,108.60,344.00
114.30,114.30,9.63,406.00,258.00,32.60,2442.00
114.90,114.90,4.39,406.00,258.00,32.60,897.00
120.00,120.00,3.84,360.00,330.10,14.60,882.00
120.00,120.00,3.84,360.00,330.10,16.70,882.00
120.00,120.00,3.84,360.00,330.10,16.70,921.20
120.00,120.00,3.84,360.00,330.10,26.40,1080.00
120.00,120.00,3.84,360.00,330.10,28.20,1078.00
140.00,140.00,3.84,420.00,330.10,8.52,940.80
140.00,140.00,3.84,420.00,330.10,8.97,921.60
140.00,140.00,3.84,420.00,330.10,29.30,1499.40
140.00,140.00,3.84,420.00,330.10,29.30,1470.00
120.00,120.00,5.86,360.00,321.10,16.10,1176.00
120.00,120.00,5.86,360.00,321.10,16.10,1117.20
120.00,120.00,5.86,360.00,321.10,13.80,1195.60
120.00,120.00,5.86,360.00,321.10,28.20,1460.20
120.00,120.00,5.86,360.00,321.10,28.20,1372.00
140.00,140.00,5.86,420.00,321.10,8.70,1342.60
140.00,140.00,5.86,420.00,321.10,9.78,1292.60
140.00,140.00,5.86,420.00,321.10,29.30,2009.00
140.00,140.00,5.86,420.00,321.10,29.30,1906.10
200.00,200.00,5.86,600.00,321.10,9.41,2058.00
200.00,200.00,5.86,600.00,321.10,9.41,1960.00
100.00,100.00,2.00,400.00,284.60,32.40,588.00
100.00,100.00,2.00,400.00,284.60,32.40,656.60
100.00,100.00,2.00,400.00,284.60,32.40,745.00
100.00,100.00,2.00,400.00,284.60,32.40,705.60
100.00,100.00,2.00,400.00,284.60,32.40,666.40
100.00,100.00,2.00,400.00,284.60,32.40,696.00
100.00,100.00,2.00,400.00,284.60,32.40,725.00
100.00,100.00,2.00,400.00,284.60,32.40,745.00
100.00,100.00,3.00,400.00,288.20,32.40,852.00
100.00,100.00,3.00,400.00,288.20,32.40,892.00
100.00,100.00,3.00,400.00,288.20,32.40,882.00
100.00,100.00,3.00,400.00,288.20,32.40,931.00
100.00,100.00,3.00,400.00,288.20,32.40,882.00
100.00,100.00,3.00,400.00,288.20,32.40,891.00
100.00,100.00,3.00,400.00,288.20,32.40,833.00
100.00,100.00,3.00,400.00,288.20,32.40,872.00
100.00,100.00,5.00,400.00,403.40,32.40,1195.00
100.00,100.00,5.00,400.00,403.40,32.40,1068.00
100.00,100.00,5.00,400.00,403.40,32.40,1294.00
100.00,100.00,5.00,400.00,403.40,32.40,1274.00
100.00,100.00,5.00,400.00,403.40,32.40,1313.00
100.00,100.00,5.00,400.00,403.40,32.40,1294.00
100.00,100.00,5.00,400.00,403.40,32.40,1244.60
100.00,100.00,5.00,400.00,403.40,32.40,1323.00
100.00,100.00,5.00,400.00,403.40,32.40,1313.00
100.00,100.00,5.00,400.00,403.40,32.40,1274.00
100.00,100.00,5.00,400.00,403.40,32.40,1244.60
100.00,100.00,4.00,400.00,239.80,32.40,1019.00
100.00,100.00,4.00,400.00,239.80,32.40,980.00
100.00,100.00,4.00,400.00,239.80,32.40,882.00
100.00,100.00,4.00,400.00,239.80,32.40,901.60
100.00,100.00,4.00,400.00,239.80,32.40,980.00
100.00,100.00,4.00,400.00,239.80,32.40,1000.00
100.00,100.00,4.00,400.00,239.80,32.40,970.00
100.00,100.00,4.00,400.00,239.80,32.40,921.20
100.00,100.00,4.00,400.00,239.80,32.40,960.40
100.00,100.00,2.29,300.00,194.20,32.00,497.40
100.00,100.00,2.29,300.00,194.20,32.00,498.00
100.00,100.00,2.20,300.00,339.40,21.40,511.00
100.00,100.00,2.20,300.00,339.40,21.40,510.00
100.00,100.00,2.99,300.00,288.40,20.60,529.00
100.00,100.00,2.99,300.00,288.40,20.60,528.00
100.00,100.00,4.25,300.00,284.50,19.80,667.00
100.00,100.00,4.25,300.00,284.50,19.80,666.00
250.00,250.00,8.00,500.00,379.00,33.00,4870.00
250.00,250.00,8.00,500.00,379.00,91.00,8300.00
148.00,148.00,4.38,444.00,262.00,25.40,1153.00
148.00,148.00,4.38,444.00,262.00,40.50,1414.00
148.00,148.00,4.38,444.00,262.00,40.50,1402.00
148.00,148.00,4.38,444.00,262.00,77.00,2108.00
215.00,215.00,4.38,645.00,262.00,25.40,1777.00
215.00,215.00,4.38,645.00,262.00,41.10,2424.00
215.00,215.00,4.38,645.00,262.00,41.10,2393.00
215.00,215.00,4.38,645.00,262.00,80.30,3837.00
323.00,323.00,4.38,969.00,262.00,25.40,3367.00
323.00,323.00,4.38,969.00,262.00,41.10,5950.00
323.00,323.00,4.38,969.00,262.00,41.10,4830.00
323.00,323.00,4.38,969.00,262.00,80.30,7481.00
144.00,144.00,6.36,432.00,618.00,25.40,2572.00
144.00,144.00,6.36,432.00,618.00,40.50,2808.00
144.00,144.00,6.36,432.00,618.00,40.50,2765.00
144.00,144.00,6.36,432.00,618.00,77.00,3399.00
211.00,211.00,6.36,633.00,618.00,25.40,3920.00
211.00,211.00,6.36,633.00,618.00,40.50,4428.00
211.00,211.00,6.36,633.00,618.00,40.50,4484.00
211.00,211.00,6.36,633.00,618.00,77.00,5758.00
319.00,319.00,6.36,957.00,618.00,25.40,6320.00
319.00,319.00,6.36,957.00,618.00,41.10,7780.00
318.00,318.00,6.36,954.00,618.00,41.10,7473.00
319.00,319.00,6.36,957.00,618.00,85.10,10357.00
120.00,120.00,6.36,360.00,618.00,25.40,2819.00
120.00,120.00,6.47,360.00,835.00,40.50,2957.00
120.00,120.00,6.47,360.00,835.00,40.50,2961.00
120.00,120.00,6.47,360.00,835.00,77.00,3318.00
175.00,175.00,6.47,525.00,835.00,25.40,4210.00
175.00,175.00,6.47,525.00,835.00,40.50,4493.00
175.00,175.00,6.47,525.00,835.00,40.50,4542.00
175.00,175.00,6.47,525.00,835.00,77.00,5366.00
265.00,265.00,6.47,795.00,835.00,25.40,6546.00
265.00,265.00,6.47,795.00,835.00,41.10,7117.00
265.00,265.00,6.47,795.00,835.00,41.10,7172.00
265.00,265.00,6.47,795.00,835.00,80.30,8990.00
210.00,210.00,5.48,630.00,294.00,39.10,3184.00
211.00,211.00,5.48,633.00,294.00,91.10,4775.00
210.00,210.00,4.50,630.00,277.00,39.10,2714.00
211.00,211.00,4.50,633.00,277.00,91.10,4372.00
211.00,211.00,8.83,633.00,536.00,39.10,5900.00
211.00,211.00,8.83,633.00,536.00,91.10,7010.00
204.00,204.00,5.95,612.00,540.00,39.10,4027.00
204.00,204.00,5.95,612.00,540.00,91.10,5305.00
180.00,180.00,9.45,540.00,825.00,39.10,6805.00
180.00,180.00,9.45,540.00,825.00,91.10,7405.00
180.00,180.00,6.60,540.00,824.00,31.10,5030.00
180.00,180.00,6.60,540.00,824.00,91.10,5875.00
200.00,200.00,6.16,600.00,781.00,119.00,6645.00
200.00,200.00,3.17,600.00,781.00,119.00,4910.00
200.00,200.00,6.39,600.00,310.00,119.00,4965.00
200.00,200.00,3.09,600.00,310.00,119.00,3899.00
305.00,305.00,8.90,1220.00,560.00,110.00,14116.00
305.00,305.00,6.10,1220.00,660.00,110.00,12307.00
305.00,305.00,8.60,1220.00,259.00,110.00,11390.00
305.00,305.00,5.80,1220.00,471.00,110.00,11568.00
152.40,152.40,4.43,300.00,389.00,46.20,1906.00
152.40,152.40,8.95,300.00,432.00,45.40,3307.00
152.00,153.40,6.17,300.00,377.00,43.60,3317.00
152.20,153.00,9.04,300.00,394.00,47.20,4208.00
100.20,100.20,2.18,300.00,300.00,25.70,411.00
200.30,200.30,4.35,601.00,323.00,29.60,1613.00
300.50,300.50,6.10,902.00,395.00,26.50,2766.00
100.00,100.00,2.18,300.00,300.00,53.70,697.00
200.10,200.10,4.35,601.00,323.00,57.90,2563.00
300.60,300.60,6.10,902.00,395.00,58.90,5481.00
101.10,101.10,2.18,300.00,300.00,61.00,783.00
200.20,200.20,4.35,601.00,323.00,63.70,2825.00
100.20,100.20,2.18,300.00,300.00,25.70,609.00
200.30,200.30,4.35,601.00,323.00,29.60,2230.00
300.50,300.50,6.10,902.00,395.00,26.50,5102.00
100.10,100.10,2.18,300.00,300.00,53.70,851.00
200.10,200.10,4.35,601.00,323.00,57.90,3201.00
300.70,300.70,6.10,902.00,395.00,52.20,6494.00
100.10,100.10,2.18,300.00,300.00,61.00,911.00
200.30,200.30,4.35,601.00,323.00,63.70,3417.00
100.70,100.70,9.60,301.00,400.00,24.64,1550.00
101.00,101.00,9.60,300.00,400.00,74.88,2000.00
99.90,99.90,4.90,301.00,289.00,24.64,800.00
99.80,99.80,4.90,300.00,300.00,74.88,900.00
100.10,100.10,4.20,301.00,333.00,27.76,700.00
100.00,100.00,4.20,302.00,333.00,27.76,680.00
100.00,100.00,4.10,299.00,333.00,77.76,1130.00
100.00,100.00,4.10,300.00,333.00,77.76,970.00
100.00,100.00,4.10,301.00,333.00,46.08,880.00
99.90,99.90,4.00,301.00,333.00,46.08,830.00
101.00,101.00,9.60,302.00,400.00,46.08,1800.00
99.80,99.80,4.80,302.00,289.00,25.52,780.00
99.70,99.70,4.70,301.00,289.00,46.56,1000.00
99.70,99.70,4.73,302.00,289.00,79.12,1050.00
99.90,99.90,4.10,301.00,333.00,79.12,1130.00
200.00,200.00,3.00,600.00,303.50,46.80,2458.00
200.00,200.00,3.00,601.00,303.50,46.80,2594.00
200.00,200.00,3.00,602.00,303.50,46.80,2306.00
200.00,200.00,3.00,603.00,303.50,46.80,2284.00
200.00,200.00,3.00,604.00,303.50,46.80,2550.00
200.00,200.00,3.00,605.00,303.50,46.80,2587.00
149.80,149.80,4.27,600.00,412.00,31.90,1598.00
149.80,149.80,4.27,1200.00,412.00,31.90,1586.00
149.80,149.80,4.27,1800.00,412.00,31.90,1573.00
149.80,149.80,4.27,2700.00,412.00,31.90,1356.00
149.80,149.80,4.27,3600.00,412.00,31.90,1143.00
149.80,149.80,4.27,4500.00,412.00,31.90,909.00
120.00,120.00,5.86,2600.00,321.10,20.40,999.60
200.00,200.00,5.86,2600.00,321.10,16.80,2082.50
120.00,120.00,3.84,2600.00,330.10,17.90,754.20
120.00,120.00,3.84,2600.00,330.10,17.90,833.00
120.00,120.00,3.84,2600.00,330.10,29.30,980.00
140.00,140.00,3.84,2600.00,330.10,17.70,1048.60
140.00,140.00,3.84,2600.00,330.10,17.70,1127.00
140.00,140.00,3.84,2600.00,330.10,29.30,1323.00
101.60,101.60,2.13,914.00,336.00,23.80,524.00
101.60,101.60,2.13,914.00,336.00,23.80,488.00
101.60,101.60,3.18,914.00,336.00,29.30,667.00
101.60,101.60,3.18,914.00,336.00,29.30,676.00
127.00,127.00,4.80,914.00,492.00,45.50,1156.00
127.00,127.00,2.13,914.40,484.72,44.82,1601.36
101.60,101.60,2.13,914.40,330.96,23.44,524.00
101.60,101.60,3.18,914.40,330.96,23.44,488.41
101.60,101.60,3.18,914.40,330.96,28.82,667.23
101.60,101.60,3.18,914.40,330.96,28.82,676.13
203.30,204.00,10.01,3050.00,290.00,31.10,2869.00
80.00,120.00,5.00,2760.00,386.30,44.00,600.00
80.00,120.00,5.00,2740.00,357.50,35.70,407.00
180.00,180.00,6.30,1000.00,397.00,92.40,4060.00
180.00,180.00,6.30,4000.00,413.00,92.40,4008.00
260.00,260.00,7.10,1000.00,426.00,92.40,7488.00
260.00,260.00,7.10,4000.00,413.00,92.40,7536.00
120.00,120.00,5.00,500.00,304.00,47.00,1440.00
120.00,120.00,5.00,500.00,438.00,46.00,1690.00
120.00,120.00,5.00,500.00,327.00,96.00,2040.00
120.00,120.00,5.00,500.00,439.00,96.00,2240.00
120.00,120.00,8.00,500.00,323.00,39.00,1550.00
120.00,120.00,8.00,500.00,300.00,46.00,1670.00
120.00,120.00,8.00,500.00,376.00,47.00,1990.00
120.00,120.00,8.00,500.00,323.00,103.00,2270.00
120.00,120.00,8.00,500.00,379.00,103.00,2680.00
120.00,120.00,8.00,500.00,379.00,39.00,1800.00
120.00,120.00,8.00,500.00,364.00,80.00,2300.00
120.00,120.00,8.00,500.00,379.00,80.00,2290.00
120.00,120.00,8.00,500.00,379.00,31.00,1680.00
120.00,120.00,8.00,500.00,379.00,92.00,2430.00
76.60,152.30,3.00,635.00,430.00,30.50,819.00
76.50,152.80,4.47,635.00,383.00,26.00,1006.00
101.80,152.40,4.32,635.00,413.00,26.00,1144.00
102.80,152.70,4.57,635.00,365.00,23.80,1224.00
101.30,151.40,5.72,635.00,324.00,23.80,1335.00
102.10,151.40,7.34,635.00,358.00,23.80,1691.00
127.30,127.30,3.15,635.00,356.00,30.50,917.00
126.90,126.90,4.34,635.00,357.00,26.00,1095.00
126.90,127.00,4.55,635.00,322.00,23.80,1113.00
125.30,126.50,5.67,635.00,312.00,23.80,1202.00
126.80,127.20,7.47,635.00,347.00,23.80,2069.00
125.00,125.00,3.20,500.00,443.00,94.00,1598.00
125.00,125.00,3.20,1000.00,443.00,94.00,1586.00
125.00,125.00,3.20,1500.00,443.00,94.00,1574.00
125.00,125.00,3.20,2250.00,443.00,94.00,1357.00
125.00,125.00,3.20,3000.00,443.00,94.00,1144.00
125.00,125.00,3.20,3750.00,443.00,94.00,909.00
85.00,130.00,2.86,390.00,228.00,47.44,760.00
85.00,130.00,2.86,390.00,228.00,47.44,820.00
80.00,140.00,2.86,420.00,228.00,47.44,880.00
80.00,140.00,2.86,420.00,228.00,47.44,740.00
100.00,200.00,5.00,2000.00,360.00,33.40,1242.00
100.00,200.00,5.00,2000.00,360.00,33.40,1242.00
100.00,200.00,5.00,2000.00,360.00,10.00,1062.00
100.00,200.00,5.00,2000.00,360.00,10.00,1022.00
140.00,140.00,4.00,2100.00,366.00,33.40,1011.00
140.00,140.00,4.00,2101.00,366.00,10.00,716.00
140.00,140.00,5.00,2100.00,362.00,33.40,1248.00
140.00,140.00,5.00,2100.00,362.00,10.00,1005.00
90.00,150.00,3.00,2250.00,320.00,33.40,691.00
90.00,150.00,3.00,2251.00,320.00,33.40,638.00
90.00,150.00,3.00,2252.00,320.00,10.00,503.00
90.00,150.00,3.00,2253.00,320.00,10.00,491.00
90.00,150.00,3.00,2254.00,320.00,10.00,515.00
90.00,150.00,3.00,2255.00,320.00,10.00,492.00
90.00,150.00,3.00,2256.00,320.00,33.40,738.00
90.00,150.00,3.00,2257.00,320.00,33.40,625.00
100.00,100.00,2.00,2500.00,240.00,33.50,350.00
100.00,100.00,2.00,2501.00,240.00,33.50,360.00
100.00,100.00,2.00,2502.00,240.00,33.50,396.00
100.00,100.00,2.00,2503.00,240.00,33.50,342.00
100.00,100.00,2.00,2504.00,240.00,10.00,261.00
100.00,100.00,2.00,2505.00,240.00,10.00,240.00
100.00,100.00,2.00,2506.00,240.00,10.00,265.00
100.00,100.00,2.00,2507.00,240.00,10.00,243.00
200.00,200.00,3.00,2310.00,303.50,46.80,1986.00
200.00,200.00,3.00,2311.00,303.50,46.80,2045.00
200.00,200.00,3.00,2312.00,303.50,46.80,2280.00
200.00,200.00,3.00,2313.00,303.50,46.80,2173.00
200.00,200.00,3.00,2314.00,303.50,46.80,2258.00
150.20,150.20,2.91,1110.00,319.30,68.50,2352.00
149.50,149.50,2.89,2200.00,319.30,68.50,2077.00
148.60,148.60,2.93,3101.00,319.30,68.50,1558.00
151.40,151.40,4.77,1085.00,316.60,68.50,2597.00
150.00,150.00,4.90,2201.00,316.60,68.50,2381.00
150.70,150.70,4.89,3100.00,316.60,68.50,1627.00
134.90,175.70,2.91,993.00,319.30,68.50,2401.00
136.30,176.50,2.91,1980.00,319.30,68.50,2283.00
124.60,199.30,2.92,921.00,319.30,68.50,2636.00
125.90,199.90,2.90,1829.00,319.30,68.50,2303.00
150.10,150.10,2.02,1050.00,217.48,25.90,800.00
147.80,147.80,2.02,1050.00,217.48,25.90,650.00
149.50,149.50,4.31,1050.00,245.54,40.70,1405.00
149.10,149.10,4.31,1050.00,245.54,40.70,1435.00
151.00,151.00,6.92,1050.00,292.31,25.90,1640.00
151.60,151.60,6.92,1050.00,292.31,25.90,1735.00
151.00,151.00,2.02,1550.00,217.48,34.60,800.00
150.20,150.20,2.02,1550.00,217.48,34.60,850.00
151.00,151.00,4.31,1550.00,245.54,35.40,1250.00
149.80,149.80,4.31,1550.00,245.54,39.00,1350.00
150.00,150.00,6.92,1550.00,292.31,25.90,1700.00
149.70,149.70,6.92,1550.00,292.31,25.90,1700.00
148.70,148.70,4.31,2050.00,245.54,25.40,1080.00
147.20,147.20,4.31,2050.00,245.54,35.40,1150.00
149.30,149.30,2.02,2550.00,217.48,25.90,680.00
148.20,148.20,2.02,2550.00,217.48,25.90,600.00
148.70,148.70,4.31,2550.00,245.54,39.00,1200.00
147.70,147.70,4.31,2550.00,245.54,39.00,1175.00
148.00,148.00,6.92,2550.00,292.31,35.40,1600.00
148.00,148.00,6.92,2550.00,292.31,35.40,1740.00
150.00,150.00,4.31,3050.00,245.54,36.50,1300.00
150.50,150.50,4.31,3198.00,245.54,35.40,1125.00
150.70,150.70,2.02,3586.00,217.48,40.60,850.00
148.80,148.80,2.02,3585.00,217.48,40.60,860.00
150.00,150.00,4.31,3596.00,245.54,39.00,1050.00
148.20,148.20,4.31,3600.00,245.54,39.00,1075.00
149.20,149.20,6.92,3583.00,292.31,35.40,1350.00
150.70,150.70,6.92,3590.00,292.31,34.60,1400.00
148.20,148.20,4.31,4098.00,245.54,36.50,955.00
149.70,149.70,4.31,4096.00,245.54,36.50,950.00
100.00,180.00,5.80,540.00,300.00,74.70,2059.00
100.00,180.00,5.80,540.00,300.00,74.70,2019.00
100.00,180.00,5.80,540.00,300.00,92.00,2287.00
100.00,180.00,5.80,540.00,300.00,92.00,2291.00
100.00,180.00,5.80,450.00,300.00,56.00,1815.00
100.00,180.00,5.80,450.00,300.00,56.00,1763.00
100.00,180.00,5.80,540.00,300.00,56.00,1725.00
100.00,180.00,5.80,540.00,300.00,56.00,1742.00
100.00,180.00,5.80,480.00,300.00,56.00,1947.00
100.00,180.00,5.80,480.00,300.00,56.00,1912.00
100.00,180.00,5.80,570.00,300.00,56.00,2035.00
100.00,180.00,5.80,570.00,300.00,56.00,2138.00
80.10,120.70,4.18,360.00,550.00,56.60,1450.00
80.60,119.30,4.18,360.00,550.00,56.60,1425.00
80.60,119.60,4.18,360.00,550.00,65.70,1560.00
80.60,120.50,4.18,360.00,550.00,65.70,1700.00
121.50,179.70,4.18,540.00,550.00,56.60,2530.00
119.80,180.40,4.18,540.00,550.00,65.70,2970.00
121.30,179.20,4.18,540.00,550.00,65.70,2590.00
81.40,160.20,4.18,480.00,550.00,56.60,1710.00
80.50,160.70,4.18,480.00,550.00,56.60,1820.00
81.00,160.10,4.18,480.00,550.00,65.70,1880.00
80.10,160.60,4.18,480.00,550.00,65.70,2100.00
101.20,199.80,4.18,600.00,550.00,56.60,2350.00
98.90,200.20,4.18,600.00,550.00,56.60,2380.00
102.10,199.20,4.18,600.00,550.00,65.70,2900.00
99.60,199.80,4.18,600.00,550.00,65.70,2800.00
100.00,150.00,4.00,450.00,495.00,58.40,1735.00
100.00,150.00,4.00,450.00,495.00,58.40,1778.00
90.00,180.00,4.00,540.00,495.00,58.40,1773.00
90.00,180.00,4.00,540.00,495.00,58.40,1795.00
110.00,160.00,4.00,480.00,495.00,58.40,1982.00
110.00,160.00,4.00,480.00,495.00,58.40,1923.00
100.00,190.00,4.00,570.00,495.00,58.40,2049.00
100.00,190.00,4.00,570.00,495.00,58.40,2124.00
90.00,130.00,4.00,390.00,495.00,77.60,1752.00
90.00,130.00,4.00,390.00,495.00,77.60,1806.00
80.00,160.00,4.00,480.00,495.00,77.60,1878.00
80.00,160.00,4.00,480.00,495.00,77.60,1858.00
101.50,162.90,2.00,480.00,305.10,49.40,1068.00
100.30,163.90,1.99,480.00,305.10,49.40,1080.00
102.70,160.80,2.04,480.00,305.10,49.40,1080.00
105.90,161.40,2.96,480.00,255.10,49.40,1420.00
105.70,158.20,2.93,480.00,255.10,49.40,1440.00
103.30,159.10,4.80,480.00,347.30,49.40,1875.00
102.40,156.70,4.80,480.00,347.30,49.40,1915.00
104.40,158.80,4.85,480.00,347.30,49.40,1820.00
121.60,188.40,4.88,480.00,347.30,49.40,2260.00
120.40,190.90,4.83,570.00,347.30,49.40,2510.00
102.10,160.20,2.00,570.00,305.10,58.60,1555.00
99.60,162.80,2.13,480.00,305.10,58.60,1460.00
98.50,162.30,2.00,480.00,305.10,58.60,1545.00
105.10,159.10,2.93,480.00,255.10,58.60,1610.00
102.20,163.80,2.93,480.00,255.10,58.60,1680.00
104.50,162.60,3.04,480.00,255.10,58.60,1640.00
103.40,156.90,4.71,480.00,347.30,58.60,2090.00
106.90,162.00,4.81,480.00,347.30,58.60,2320.00
102.60,158.90,4.74,480.00,347.30,58.60,2060.00
119.70,164.60,2.01,480.00,305.10,58.60,1800.00
121.00,194.80,4.72,570.00,347.30,49.40,2700.00
121.70,189.60,4.81,570.00,347.30,49.40,2680.00
100.70,162.70,2.97,480.00,255.10,49.40,1080.00
149.30,149.30,3.64,1350.00,289.00,44.00,1552.00
99.60,200.60,3.56,1800.00,289.00,44.00,1461.00
114.30,114.30,9.63,406.40,254.07,32.13,2442.07
114.86,114.86,4.39,406.40,254.07,32.13,896.76
76.20,76.20,3.35,1727.20,324.05,35.85,355.86
76.20,76.20,3.35,1422.40,324.05,34.03,385.22
76.20,76.20,3.35,1117.60,324.05,46.75,422.58
76.20,76.20,3.35,812.80,324.05,45.06,462.62
76.20,76.20,3.35,508.00,324.05,40.85,505.76
76.20,76.20,3.35,254.00,324.05,40.85,511.55
204.00,203.30,10.01,3050.00,290.00,31.10,2869.00
150.00,150.00,0.70,480.00,245.17,22.56,558.00
150.00,150.00,0.70,800.00,245.17,22.56,611.93
150.00,150.00,1.40,800.00,245.17,22.56,711.96
150.00,150.00,2.10,800.00,245.17,22.56,793.36
150.00,200.00,0.70,480.00,245.17,22.56,795.32
150.00,200.00,0.70,800.00,245.17,22.56,705.10
150.00,200.00,1.40,800.00,245.17,22.56,881.62
150.00,200.00,2.10,800.00,245.17,22.56,844.35
150.00,150.00,0.70,480.00,245.17,33.73,747.27
150.00,150.00,1.40,800.00,245.17,35.30,973.80
150.00,200.00,1.40,480.00,245.17,33.73,1172.88
150.00,200.00,2.10,800.00,245.17,35.30,1268.00
80.00,120.00,5.00,200.00,357.50,35.70,850.00
80.00,120.00,5.00,200.00,341.00,38.80,900.00
80.00,120.00,5.00,200.00,341.00,40.50,920.00
80.00,120.00,5.00,200.00,362.60,39.10,950.00
80.00,120.00,5.00,200.00,362.60,36.00,955.00
100.00,150.00,5.00,100.00,346.70,38.50,1370.00
100.00,150.00,5.00,200.00,346.70,38.50,1210.00
100.00,150.00,5.00,100.00,346.70,38.30,1340.00
100.00,150.00,5.00,200.00,346.70,38.30,1200.00
100.00,150.00,5.00,100.00,340.00,38.70,1300.00
100.00,150.00,5.00,200.00,340.00,38.70,1190.00
100.00,150.00,5.00,100.00,340.00,39.60,1320.00
100.00,150.00,5.00,200.00,340.00,39.60,1200.00
100.00,150.00,5.00,2940.00,346.70,38.50,1003.00
150.00,150.00,4.50,600.00,438.36,31.87,1597.50
150.00,150.00,4.50,1200.00,438.36,31.87,1585.74
150.00,150.00,4.50,1800.00,438.36,31.87,1572.99
150.00,150.00,4.50,2700.00,438.36,31.87,1356.26
150.00,150.00,4.50,3600.00,438.36,31.87,1143.46
150.00,150.00,4.50,4500.00,438.36,31.87,909.08
130.00,130.00,2.65,780.00,340.10,22.00,760.00
130.00,130.00,2.65,780.00,340.10,22.00,770.00
130.00,130.00,2.65,780.00,340.10,22.00,690.00
130.00,130.00,2.65,780.00,340.10,22.00,739.00
240.00,360.00,2.65,1440.00,340.10,22.00,2300.00
240.00,360.00,2.65,1440.00,340.10,22.00,2250.00
240.00,360.00,2.65,1440.00,340.10,22.00,1610.00
240.00,360.00,2.65,1440.00,340.10,22.00,1600.00
130.00,195.00,2.65,780.00,340.10,22.00,980.00
130.00,195.00,2.65,780.00,340.10,22.00,960.00
130.00,195.00,2.65,780.00,340.10,22.00,880.00
130.00,195.00,2.65,780.00,340.10,22.00,900.00
130.00,195.00,2.65,2340.00,340.10,22.00,890.00
130.00,195.00,2.65,2340.00,340.10,22.00,815.00
130.00,195.00,2.65,2340.00,340.10,22.00,645.00
130.00,195.00,2.65,2340.00,340.10,22.00,625.00
90.00,135.00,2.65,540.00,340.10,22.00,580.00
90.00,135.00,2.65,540.00,340.10,22.00,592.00
90.00,135.00,2.65,540.00,340.10,22.00,570.00
90.00,135.00,2.65,540.00,340.10,22.00,552.00
120.00,240.00,2.65,720.00,340.10,22.00,1140.00
120.00,240.00,2.65,720.00,340.10,22.00,1032.00
120.00,240.00,2.65,720.00,340.10,22.00,968.00
60.00,100.00,2.93,600.00,293.50,34.30,490.00
80.00,100.00,2.93,600.00,293.50,34.30,680.00
60.00,120.00,2.93,600.00,293.50,34.30,570.00
90.00,120.00,2.93,600.00,293.50,34.30,825.00
120.00,120.00,2.65,360.00,340.00,20.10,640.00
120.00,120.00,2.65,360.00,340.00,20.10,664.00
120.00,120.00,2.65,360.00,340.00,36.00,816.00
120.00,120.00,2.65,360.00,340.00,36.00,812.00
120.00,120.00,2.65,1400.00,340.00,36.00,769.00
120.00,120.00,2.65,1400.00,340.00,36.00,730.00
100.00,200.00,5.00,2000.00,360.00,33.40,1242.00
100.00,200.00,5.00,2000.00,360.00,33.40,1242.00
100.00,200.00,5.00,2000.00,360.00,10.00,1062.00
100.00,200.00,5.00,2000.00,360.00,10.00,1022.00
140.00,140.00,4.00,2100.00,366.00,33.40,1011.00
140.00,140.00,4.00,2100.00,366.00,10.00,716.00
140.00,140.00,5.00,2100.00,362.00,33.40,1248.00
140.00,140.00,5.00,2100.00,362.00,10.00,1005.00
90.00,150.00,3.00,2250.00,320.00,33.40,691.00
90.00,150.00,3.00,2250.00,320.00,33.40,638.00
90.00,150.00,3.00,2250.00,320.00,10.00,503.00
90.00,150.00,3.00,2250.00,320.00,10.00,491.00
90.00,150.00,3.00,2250.00,320.00,10.00,515.00
90.00,150.00,3.00,2250.00,320.00,10.00,492.00
90.00,150.00,3.00,2250.00,320.00,33.40,738.00
90.00,150.00,3.00,2250.00,320.00,33.40,625.00
100.00,100.00,2.00,2500.00,240.00,33.40,350.00
100.00,100.00,2.00,2500.00,240.00,33.40,360.00
100.00,100.00,2.00,2500.00,240.00,33.40,396.00
100.00,100.00,2.00,2500.00,240.00,33.40,342.00
100.00,100.00,2.00,2500.00,240.00,10.00,261.00
100.00,100.00,2.00,2500.00,240.00,10.00,240.00
100.00,100.00,2.00,2500.00,240.00,10.00,265.00
100.00,100.00,2.00,2500.00,240.00,10.00,243.00
100.00,100.00,2.93,600.00,293.50,34.30,802.00
120.00,120.00,2.93,600.00,293.50,34.30,1054.00
200.00,200.00,3.00,600.00,303.50,58.50,2458.00
200.00,200.00,3.00,600.00,303.50,58.50,2594.00
200.00,200.00,3.00,600.00,303.50,58.50,2306.00
200.00,200.00,3.00,600.00,303.50,58.50,2284.00
200.00,200.00,3.00,600.00,303.50,58.50,2550.00
200.00,200.00,3.00,600.00,303.50,58.50,2587.00
200.00,200.00,3.00,2310.00,303.50,58.50,1986.00
200.00,200.00,3.00,2310.00,303.50,58.50,2045.00
200.00,200.00,3.00,2310.00,303.50,58.50,2280.00
200.00,200.00,3.00,2310.00,303.50,58.50,2173.00
200.00,200.00,3.00,2310.00,303.50,58.50,2258.00
148.00,148.00,4.38,444.00,262.00,25.40,1153.00
148.00,148.00,4.38,444.00,262.00,40.50,1414.00
148.00,148.00,4.38,444.00,262.00,40.50,1402.00
148.00,148.00,4.38,444.00,262.00,77.00,2108.00
215.00,215.00,4.38,645.00,262.00,25.40,1777.00
215.00,215.00,4.38,645.00,262.00,41.10,2424.00
215.00,215.00,4.38,645.00,262.00,41.10,2393.00
215.00,215.00,4.38,645.00,262.00,80.30,3837.00
323.00,323.00,4.38,969.00,262.00,25.40,3367.00
323.00,323.00,4.38,969.00,262.00,41.10,4950.00
323.00,323.00,4.38,969.00,262.00,41.10,4830.00
324.00,324.00,4.38,972.00,262.00,80.30,7481.00
144.00,144.00,6.36,432.00,618.00,25.40,2572.00
144.00,144.00,6.36,432.00,618.00,40.50,2808.00
144.00,144.00,6.36,432.00,618.00,40.50,2765.00
144.00,144.00,6.36,432.00,618.00,77.00,3399.00
211.00,211.00,6.36,633.00,618.00,25.40,3920.00
211.00,211.00,6.36,633.00,618.00,40.50,4428.00
211.00,211.00,6.36,633.00,618.00,40.50,4484.00
211.00,211.00,6.36,633.00,618.00,77.00,5758.00
319.00,319.00,6.36,957.00,618.00,25.40,6320.00
319.00,319.00,6.36,957.00,618.00,41.10,7780.00
318.00,318.00,6.36,954.00,618.00,41.10,7473.00
319.00,319.00,6.36,957.00,618.00,85.10,10357.00
120.00,120.00,6.47,360.00,835.00,25.40,2819.00
120.00,120.00,6.47,360.00,835.00,40.50,2957.00
120.00,120.00,6.47,360.00,835.00,40.50,2961.00
119.00,119.00,6.47,357.00,835.00,77.00,3318.00
175.00,175.00,6.47,525.00,835.00,25.40,4210.00
175.00,175.00,6.47,525.00,835.00,40.50,4493.00
175.00,175.00,6.47,525.00,835.00,40.50,4542.00
175.00,175.00,6.47,525.00,835.00,77.00,5366.00
265.00,265.00,6.47,795.00,835.00,25.40,6546.00
264.00,264.00,6.47,792.00,835.00,41.10,7117.00
265.00,265.00,6.47,795.00,835.00,41.10,7172.00
265.00,265.00,6.47,795.00,835.00,80.30,8990.00
210.00,210.00,5.48,630.00,294.00,39.10,3183.00
211.00,211.00,5.48,633.00,294.00,91.10,4773.00
210.00,210.00,4.50,630.00,277.00,39.10,2713.00
211.00,211.00,4.50,633.00,277.00,91.10,4371.00
211.00,211.00,8.83,633.00,536.00,39.10,5898.00
211.00,211.00,8.83,633.00,536.00,91.10,7008.00
204.00,204.00,5.95,612.00,540.00,39.10,4026.00
204.00,204.00,5.95,612.00,540.00,91.10,5303.00
180.00,180.00,9.45,540.00,825.00,39.10,6803.00
180.00,180.00,9.45,540.00,825.00,91.10,7402.00
180.00,180.00,6.60,540.00,824.00,39.10,5028.00
180.00,180.00,6.60,540.00,824.00,91.10,5873.00
200.00,200.00,2.50,1190.00,270.00,58.30,2260.00
200.00,200.00,2.50,2340.00,270.00,58.30,2305.00
100.00,100.00,1.90,300.00,404.00,121.60,1209.00
100.00,100.00,1.90,300.00,404.00,121.60,1220.00
100.00,100.00,1.90,300.00,404.00,121.60,1190.00
100.00,100.00,1.90,300.00,404.00,121.60,1220.00
100.00,100.00,1.90,900.00,404.00,121.60,1013.00
100.00,100.00,1.90,900.00,404.00,121.60,1010.00
100.00,100.00,1.90,1500.00,404.00,121.60,915.00
100.00,100.00,1.90,1500.00,404.00,121.60,945.00
100.00,100.00,1.90,3000.00,404.00,121.60,474.00
100.00,100.00,1.90,3000.00,404.00,121.60,466.00
150.00,150.00,3.00,675.00,324.40,52.60,1516.00
150.00,150.00,3.00,900.00,324.40,52.60,1599.00
249.60,249.60,3.70,750.00,324.30,40.40,3131.00
251.00,251.00,3.75,750.00,324.30,40.40,2832.00
251.10,251.10,3.73,750.00,324.30,40.40,2677.00
70.00,70.00,5.00,210.00,701.00,21.00,1367.00
100.00,100.00,5.00,300.00,701.00,21.00,1934.00
125.00,125.00,5.00,375.00,701.00,21.00,2348.00
150.00,150.00,5.00,450.00,701.00,21.00,2828.00
110.00,110.00,5.00,330.00,701.00,54.50,2203.00
110.00,110.00,5.00,330.00,701.00,54.50,2234.00
140.00,140.00,5.00,420.00,701.00,54.50,2942.00
140.00,140.00,5.00,420.00,701.00,54.50,2840.00
170.00,170.00,5.00,510.00,701.00,54.50,3118.00
170.00,170.00,5.00,510.00,701.00,54.50,3243.00
180.00,180.00,5.00,570.00,701.00,54.50,3882.00
180.00,180.00,5.00,570.00,701.00,54.50,3856.00
101.00,203.00,8.28,607.00,488.38,43.20,3090.00
102.00,203.00,8.28,60.00,488.38,55.30,3230.00
119.00,183.00,8.28,541.00,488.38,43.20,3300.00
122.00,182.00,8.28,541.00,488.38,55.30,3380.00
150.00,150.00,8.28,453.00,488.38,43.20,3500.00
150.00,152.00,8.28,451.00,488.38,55.30,3575.00
100.00,120.00,5.70,361.00,514.53,43.20,1960.00
100.00,120.00,5.70,360.00,514.53,55.30,2100.00
121.00,182.00,5.70,540.00,514.53,43.20,2485.00
122.00,181.00,5.70,540.00,514.53,55.30,2710.00
103.00,121.00,7.69,363.00,423.20,43.20,2545.00
101.00,120.00,7.69,358.00,423.20,55.30,2730.00
119.00,179.00,7.69,542.00,423.20,43.20,3130.00
120.00,180.00,7.69,545.00,423.20,55.30,3150.00
101.60,101.60,3.00,1000.00,483.90,25.00,718.88
101.60,101.60,3.00,1500.00,483.90,25.00,691.38
101.60,101.60,3.00,2000.00,483.90,25.00,589.48
101.60,101.60,3.00,2500.00,483.90,25.00,471.29
120.00,120.00,3.50,1000.00,401.00,25.00,1164.16
120.00,120.00,3.50,1500.00,401.00,25.00,997.19
120.00,120.00,3.50,2000.00,401.00,25.00,899.65
120.00,120.00,3.50,2500.00,401.00,25.00,729.10
150.00,150.00,3.50,1000.00,405.00,25.00,1516.26
150.00,150.00,3.50,1500.00,405.00,25.00,1330.13
150.00,150.00,3.50,2000.00,405.00,25.00,1307.61
150.00,150.00,3.50,2500.00,405.00,25.00,1198.25
60.00,60.00,3.00,2700.00,351.51,28.80,105.40
60.00,60.00,4.00,2700.00,528.55,28.80,127.70
60.00,60.00,4.50,2700.00,522.11,28.80,156.00
63.00,63.00,3.00,2700.00,442.69,28.80,123.60
63.00,63.00,4.00,2700.00,517.49,28.80,154.70
63.00,63.00,4.50,2700.00,449.95,28.80,168.60
76.00,76.00,3.00,2700.00,441.12,28.80,212.00
76.00,76.00,4.00,2700.00,498.38,28.80,247.30
76.00,76.00,4.50,2700.00,500.97,28.80,266.50
100.00,100.00,3.00,2700.00,441.19,28.80,405.00
100.00,100.00,4.50,2700.00,424.49,28.80,501.71
120.00,120.00,3.00,2700.00,400.77,28.80,770.39
120.00,120.00,4.50,2700.00,436.54,28.80,830.00
150.00,150.00,3.00,2700.00,429.14,28.80,1087.10
150.00,150.00,4.50,2700.00,334.80,28.80,1285.10
73.93,73.93,4.89,1512.00,762.00,113.00,1732.00
73.84,73.84,4.89,1512.00,762.00,113.00,1362.00
73.60,73.60,4.96,1512.00,762.00,113.00,1572.00
98.87,98.87,4.93,1512.00,762.00,113.00,2087.00
98.89,98.89,4.92,1512.00,762.00,113.00,2109.00
99.29,99.29,4.89,1512.00,762.00,113.00,2374.00
124.12,124.12,4.93,1512.00,762.00,113.00,3748.00
124.39,124.39,4.89,1512.00,762.00,113.00,3560.00
124.05,124.05,4.93,1512.00,762.00,113.00,2799.00
74.36,74.36,4.90,2512.00,762.00,113.00,583.00
74.44,74.44,4.94,2512.00,762.00,113.00,878.00
75.08,75.08,4.92,2512.00,762.00,113.00,594.00
99.95,99.95,4.90,2512.00,762.00,113.00,1377.00
100.00,100.00,4.93,2512.00,762.00,113.00,1049.00
99.37,99.37,4.91,2512.00,762.00,113.00,1235.00
124.60,124.60,4.93,2512.00,762.00,113.00,2823.00
125.09,125.09,4.89,2512.00,762.00,113.00,2546.00
124.54,124.54,4.92,2512.00,762.00,113.00,2522.00
149.72,149.72,4.94,2512.00,762.00,113.00,3938.00
149.96,149.96,4.91,2512.00,762.00,113.00,3739.00
150.31,150.31,4.92,2512.00,762.00,113.00,3988.00
199.62,199.62,4.95,2512.00,762.00,113.00,6141.00
199.50,199.50,4.92,2512.00,762.00,113.00,6004.00
199.78,199.78,4.92,2512.00,762.00,113.00,6329.00
74.41,74.41,4.95,3512.00,762.00,113.00,469.00
73.95,73.95,4.97,3512.00,762.00,113.00,286.00
74.16,74.16,4.89,3512.00,762.00,113.00,410.00
98.99,98.99,4.95,3512.00,762.00,113.00,810.00
99.40,99.40,4.92,3512.00,762.00,113.00,851.00
99.51,99.51,4.92,3512.00,762.00,113.00,761.00
124.41,124.41,4.92,3512.00,762.00,113.00,1535.00
124.24,124.24,4.92,3512.00,762.00,113.00,1196.00
124.40,124.40,4.95,3512.00,762.00,113.00,1539.00
149.33,149.33,4.93,3512.00,762.00,113.00,4142.00
148.88,148.88,4.93,3512.00,762.00,113.00,2303.00
149.92,149.92,4.93,3512.00,762.00,113.00,2556.00
199.84,199.84,4.93,3512.00,762.00,113.00,5002.00
199.59,199.59,4.92,3512.00,762.00,113.00,5896.00
200.67,200.67,4.93,3512.00,762.00,113.00,5052.00
74.04,74.04,4.91,285.00,762.00,100.00,1636.00
72.87,72.87,4.88,285.00,762.00,100.00,1755.00
99.56,99.56,4.91,360.00,762.00,100.00,2520.00
99.20,99.20,4.93,360.00,762.00,100.00,2632.00
124.43,124.43,4.93,435.00,762.00,100.00,3023.00
124.94,124.94,4.94,435.00,762.00,100.00,2962.00
149.99,149.99,4.92,510.00,762.00,100.00,4115.00
149.87,149.87,4.92,510.00,762.00,100.00,3968.00
149.77,149.77,4.93,1514.00,762.00,113.00,5164.00
149.37,149.37,4.94,1514.00,762.00,113.00,4833.00
149.58,149.58,4.95,1514.00,762.00,113.00,5085.00
199.01,199.01,4.92,660.00,762.00,113.00,5184.00
198.71,198.71,4.92,660.00,762.00,113.00,5604.00
198.92,198.92,4.91,1514.00,762.00,113.00,7478.00
198.99,198.99,4.92,1514.00,762.00,113.00,7506.00
198.96,198.96,4.94,1514.00,762.00,113.00,6460.00
186.00,186.00,3.00,540.00,300.00,32.00,1555.00
126.00,126.00,3.00,360.00,300.00,50.00,1114.00
120.00,120.00,5.00,430.00,761.00,20.34,1835.00
170.00,170.00,5.00,580.00,761.00,20.34,2831.00
220.00,220.00,5.00,730.00,761.00,20.34,3609.00
270.00,270.00,5.00,880.00,761.00,20.34,3950.00
65.00,65.00,3.00,250.00,350.00,79.00,502.00
75.00,75.00,3.00,250.00,370.00,79.00,684.00
75.00,65.00,3.00,250.00,370.00,52.00,568.00
65.00,75.00,3.00,250.00,350.00,52.00,434.00
75.00,75.00,3.00,1770.00,450.00,79.00,414.00
65.00,75.00,3.00,1770.00,400.00,79.00,294.00
75.00,65.00,3.00,1770.00,450.00,52.00,343.00
65.00,75.00,3.00,1770.00,400.00,52.00,269.00
150.00,150.00,8.00,450.00,779.00,152.30,6536.00
150.00,150.00,8.00,450.00,779.00,157.20,6715.00
150.00,150.00,8.00,450.00,779.00,147.00,6616.00
150.00,150.00,8.00,450.00,779.00,164.10,7276.00
150.00,150.00,8.00,450.00,779.00,148.00,6974.00
150.00,150.00,12.00,450.00,756.00,152.30,8585.00
150.00,150.00,12.00,450.00,756.00,157.20,8452.00
150.00,150.00,12.00,450.00,756.00,147.00,8687.00
150.00,150.00,12.00,450.00,756.00,164.10,8730.00
150.00,150.00,12.00,450.00,756.00,148.00,8912.00
150.00,150.00,12.50,450.00,446.00,152.30,5953.00
150.00,150.00,12.50,450.00,446.00,157.20,5911.00
150.00,150.00,12.50,450.00,446.00,147.00,6039.00
150.00,150.00,12.50,450.00,446.00,164.10,6409.00
150.00,150.00,12.50,450.00,446.00,148.00,6285.00
197.00,197.00,6.40,600.00,437.88,26.58,2730.00
198.50,198.50,6.10,600.00,437.88,25.81,3010.00
200.50,200.50,6.30,600.00,437.88,24.47,2830.00
201.00,201.00,10.30,600.00,381.68,26.58,3980.00
201.00,201.00,10.00,600.00,381.68,25.81,3920.00
199.50,199.50,10.10,600.00,381.68,24.47,3900.00
100.00,150.00,4.50,1855.00,379.80,29.00,1344.80
100.00,150.00,4.50,1855.00,379.80,29.00,1281.30
100.00,150.00,4.50,1855.00,379.80,29.00,1320.20
100.00,150.00,4.50,1855.00,379.80,29.00,1367.60
100.00,150.00,4.50,1855.00,379.80,63.00,1756.10
100.00,150.00,4.50,1855.00,379.80,63.00,1702.80
100.00,150.00,4.50,1855.00,379.80,63.00,1762.70
100.00,150.00,4.50,1855.00,379.80,63.00,1737.50
100.00,150.00,4.50,1855.00,379.80,63.00,1669.20
100.00,150.00,4.50,1855.00,379.80,63.00,1705.80
100.00,150.00,4.50,1855.00,379.80,70.00,1894.60
100.00,150.00,4.50,1855.00,379.80,70.00,1889.20
100.00,150.00,4.50,1855.00,379.80,70.00,1885.60
100.00,150.00,4.50,1855.00,379.80,70.00,1891.60
100.00,150.00,4.50,1855.00,379.80,70.00,1862.30
100.00,150.00,4.50,1855.00,379.80,70.00,1889.80
100.00,150.00,4.50,1855.00,379.80,84.00,2066.10
100.00,150.00,4.50,1855.00,379.80,84.00,2196.40
100.00,150.00,4.50,1855.00,379.80,84.00,2096.10
100.00,150.00,4.50,1855.00,379.80,84.00,2090.10
100.00,150.00,4.50,1855.00,379.80,84.00,2006.70
100.00,150.00,4.50,1855.00,379.80,84.00,2083.50
150.00,150.00,8.00,450.00,779.00,152.30,6536.00
150.00,150.00,8.00,450.00,779.00,157.20,6715.00
150.00,150.00,8.00,450.00,779.00,147.00,6616.00
150.00,150.00,8.00,450.00,779.00,164.10,7276.00
150.00,150.00,8.00,450.00,779.00,148.00,6974.00
150.00,150.00,12.00,450.00,756.00,152.30,8585.00
150.00,150.00,12.00,450.00,756.00,157.20,8452.00
150.00,150.00,12.00,450.00,756.00,147.00,8687.00
150.00,150.00,12.00,450.00,756.00,164.10,8730.00
150.00,150.00,12.00,450.00,756.00,148.00,8912.00
150.00,150.00,12.50,450.00,446.00,152.30,5953.00
150.00,150.00,12.50,450.00,446.00,157.20,5911.00
150.00,150.00,12.50,450.00,446.00,147.00,6039.00
150.00,150.00,12.50,450.00,446.00,164.10,6409.00
150.00,150.00,12.50,450.00,446.00,148.00,6285.00
100.40,100.40,2.07,300.00,348.70,59.00,987.00
100.40,100.40,2.03,300.00,348.70,113.20,1406.00
100.40,100.40,2.05,300.00,348.70,130.80,1575.00
100.40,100.40,3.79,300.00,306.70,59.00,1138.00
100.30,100.30,3.83,300.00,306.70,113.20,1544.00
100.40,100.40,3.79,300.00,306.70,130.80,1676.00
100.70,100.70,7.60,300.00,371.60,59.00,1647.00
100.70,100.70,7.59,300.00,371.60,113.20,1976.00
100.70,100.70,7.63,300.00,371.60,130.80,2051.00
125.00,125.00,4.00,300.00,342.59,46.67,1159.20
125.00,125.00,4.00,300.00,342.59,94.33,1882.50
100.00,150.00,4.00,300.00,270.84,40.41,912.00
100.00,150.00,4.00,300.00,270.84,90.58,1188.50
125.00,125.00,3.00,300.00,296.06,46.67,824.50
125.00,125.00,3.00,300.00,296.06,94.31,1441.20
200.00,200.00,6.00,695.00,485.00,38.00,3488.00
200.00,200.00,6.00,695.00,485.00,38.00,3452.00
200.00,200.00,6.00,695.00,485.00,80.50,4921.00
200.00,200.00,6.00,695.00,485.00,80.50,4973.00
200.00,200.00,6.00,695.00,485.00,112.10,6060.00
200.00,200.00,6.00,695.00,485.00,112.10,6298.00
200.00,200.00,6.00,695.00,485.00,112.10,6218.00
126.00,126.00,3.00,300.00,300.00,40.00,950.00
156.00,156.00,3.00,300.00,300.00,50.00,1300.00
186.00,186.00,3.00,300.00,300.00,32.00,1200.00
246.00,246.00,3.00,300.00,300.00,38.00,2200.00
306.00,306.00,3.00,300.00,300.00,38.00,2519.00
126.00,126.00,3.00,360.00,300.00,50.00,1114.00
156.00,156.00,3.00,450.00,300.00,50.00,1708.00
186.00,186.00,3.00,540.00,300.00,32.00,1555.00
246.00,246.00,3.00,720.00,300.00,38.00,3095.00
306.00,306.00,3.00,900.00,300.00,38.00,4000.00
306.00,306.00,3.00,900.00,300.00,38.00,4253.00
306.00,306.00,3.00,900.00,300.00,38.00,4495.00
306.00,306.00,3.00,900.00,300.00,38.00,4581.00
250.00,250.00,2.50,750.00,338.00,25.50,1993.00
250.00,250.00,2.50,750.00,338.00,25.50,2020.00
250.00,250.00,2.50,750.00,338.00,50.80,3190.00
250.00,250.00,2.50,750.00,338.00,51.20,3150.00
250.00,250.00,2.50,750.00,342.00,67.00,4080.00
250.00,250.00,2.50,750.00,342.00,67.00,4040.00
190.00,190.00,2.50,570.00,342.00,67.00,2480.00
190.00,190.00,2.50,570.00,342.00,67.00,2430.00
250.00,250.00,2.50,750.00,270.00,58.30,3495.00
190.00,190.00,2.50,570.00,270.00,58.30,2140.00
249.00,250.40,2.50,750.00,234.30,50.10,3409.00
128.20,129.10,2.50,390.00,234.30,54.80,1150.00
120.00,120.00,8.00,3000.00,379.00,80.00,1610.00
120.00,120.00,5.00,500.00,304.00,47.00,1440.00
120.00,120.00,5.00,500.00,438.00,46.00,1690.00
120.00,120.00,5.00,500.00,327.00,96.00,2040.00
120.00,120.00,5.00,500.00,439.00,96.00,2240.00
120.00,120.00,8.00,500.00,323.00,39.00,1550.00
120.00,120.00,8.00,500.00,300.00,46.00,1670.00
120.00,120.00,8.00,500.00,376.00,47.00,1990.00
120.00,120.00,8.00,500.00,323.00,103.00,2270.00
120.00,120.00,8.00,500.00,379.00,103.00,2680.00
120.00,120.00,8.00,500.00,379.00,39.00,1800.00
120.00,120.00,8.00,500.00,390.00,80.00,2300.00
120.00,120.00,8.00,500.00,379.00,80.00,2290.00
120.00,120.00,8.00,500.00,404.00,92.00,1380.00
150.30,149.90,1.98,399.50,413.00,56.00,2046.00
150.10,149.80,2.00,400.10,413.00,56.00,2200.00
150.20,150.20,2.98,401.00,392.00,56.00,2360.00
150.40,150.00,3.00,400.60,392.00,56.00,2300.00
200.30,100.50,1.98,400.00,413.00,56.00,1980.00
200.50,100.50,2.97,402.00,392.00,56.00,2160.00
300.00,300.00,6.00,1050.00,414.00,10.00,3428.00
400.00,400.00,6.00,1400.00,414.00,10.00,4452.00
300.00,300.00,6.00,1050.00,369.00,40.00,6298.00
400.00,400.00,6.00,1400.00,369.00,40.00,8802.00
60.00,60.00,1.87,180.00,282.00,81.00,382.00
60.00,60.00,1.87,180.00,282.00,81.00,350.00
100.00,100.00,1.87,300.00,282.00,81.00,860.00
100.00,100.00,1.87,300.00,282.00,81.00,840.00
150.00,150.00,1.87,450.00,282.00,81.00,1662.00
150.00,150.00,1.87,450.00,282.00,81.00,1740.00
200.00,200.00,1.87,600.00,282.00,81.00,2890.00
200.00,200.00,1.87,600.00,282.00,81.00,2920.00
250.00,250.00,1.87,750.00,282.00,60.00,3304.00
250.00,250.00,1.87,750.00,282.00,60.00,3400.00
60.00,60.00,2.00,180.00,404.00,50.90,318.00
60.00,60.00,2.00,180.00,404.00,50.90,322.00
100.00,100.00,2.00,300.00,404.00,50.90,770.00
100.00,100.00,2.00,300.00,404.00,50.90,772.00
150.00,150.00,2.00,450.00,404.00,50.90,1300.00
150.00,150.00,2.00,450.00,404.00,50.90,1420.00
200.00,200.00,2.00,600.00,404.00,50.90,1990.00
200.00,200.00,2.00,600.00,404.00,50.90,2054.00
250.00,250.00,2.00,750.00,404.00,50.90,3100.00
250.00,250.00,2.00,750.00,404.00,50.90,2965.00
60.00,60.00,2.00,180.00,404.00,81.00,422.00
60.00,60.00,2.00,180.00,404.00,81.00,406.00
150.00,150.00,2.00,450.00,404.00,81.00,2060.00
150.00,150.00,2.00,450.00,404.00,81.00,1980.00
110.00,110.00,5.00,330.00,750.00,28.00,1836.00
110.00,110.00,5.00,330.00,750.00,28.00,1832.00
160.00,160.00,5.00,330.00,750.00,30.00,2868.00
160.00,160.00,5.00,330.00,750.00,30.00,2922.00
160.00,160.00,5.00,330.00,750.00,30.00,2242.00
210.00,210.00,5.00,330.00,750.00,32.00,3710.00
210.00,210.00,5.00,330.00,750.00,32.00,3483.00
210.00,210.00,5.00,330.00,750.00,32.00,2520.00
100.00,100.00,4.90,300.00,668.80,89.20,1800.30
100.00,100.00,4.90,300.00,668.80,100.30,2003.80
100.00,100.00,5.80,300.00,646.20,100.30,2220.50
100.00,100.00,5.80,300.00,646.20,111.30,2391.20
100.00,100.00,5.80,300.00,646.20,128.10,2573.30
100.00,100.00,6.80,300.00,599.50,89.20,2209.40
100.00,100.00,6.80,300.00,599.50,100.30,2294.70
100.00,100.00,6.80,300.00,599.50,111.30,2368.90
100.00,100.00,6.80,300.00,599.50,128.10,2492.10
100.00,100.00,10.00,300.00,458.60,89.20,2206.10
100.00,100.00,10.00,300.00,458.60,111.30,2297.70
100.00,100.00,10.00,300.00,458.60,128.10,2498.50
100.00,100.00,14.20,300.00,468.60,89.20,3106.70
100.00,100.00,14.20,300.00,468.60,111.30,3119.50
100.00,100.00,14.20,300.00,468.60,128.10,3274.30
100.00,100.00,18.50,300.00,444.60,128.10,3441.40
