f,c,t,b,n,theta,mode_1_number,freq_Hz
6.0,113.0,1.3,3397.0,2.0,57.0,1,15.94
20.0,128.0,1.74,2884.0,9.0,37.0,1,16.405
11.0,123.0,1.87,2333.0,3.0,23.0,1,18.039
49.0,140.0,2.34,3093.0,4.0,43.0,1,30.644
50.0,103.0,3.37,2157.0,4.0,58.0,1,66.944
34.0,129.0,2.41,1288.0,4.0,47.0,1,137.05
31.0,98.0,3.15,3123.0,5.0,41.0,1,20.094
45.0,150.0,3.17,864.0,7.0,38.0,0,nan
12.0,113.0,3.45,849.0,9.0,53.0,1,122.87
43.0,88.0,2.8,2030.0,3.0,45.0,1,58.86
23.0,129.0,0.87,3047.0,10.0,24.0,1,13.71
7.0,120.0,4.81,1999.0,9.0,54.0,1,14.62
10.0,125.0,0.7,784.0,6.0,56.0,1,112.84
31.0,62.0,0.82,1949.0,4.0,50.0,1,45.435
35.0,130.0,4.29,2519.0,7.0,48.0,1,35.931
36.0,131.0,3.52,3600.0,7.0,30.0,1,14.146
6.0,137.0,0.94,1196.0,5.0,37.0,1,33.168
38.0,123.0,4.65,3658.0,10.0,52.0,1,18.154
36.0,137.0,3.73,1280.0,5.0,48.0,1,144.12
46.0,136.0,4.37,2087.0,5.0,49.0,1,66.085
7.0,61.0,0.77,1176.0,8.0,27.0,1,34.2
12.0,108.0,2.85,1959.0,3.0,44.0,1,30.88
17.0,129.0,4.91,1830.0,2.0,35.0,1,64.519
22.0,90.0,1.29,822.0,3.0,49.0,1,233.15
13.0,116.0,1.46,3850.0,6.0,44.0,1,6.8517
31.0,143.0,2.22,1170.0,6.0,31.0,0,nan
37.0,61.0,2.52,3500.0,9.0,51.0,1,14.942
47.0,144.0,4.28,2497.0,2.0,49.0,1,65.291
41.0,103.0,2.18,1301.0,5.0,43.0,1,128.93
30.0,133.0,3.2,1805.0,2.0,38.0,1,79.13
12.0,125.0,1.58,3642.0,3.0,35.0,1,10.051
27.0,144.0,3.61,1778.0,6.0,46.0,1,59.607
27.0,106.0,2.09,2484.0,6.0,36.0,1,26.22
35.0,75.0,4.6,2831.0,8.0,52.0,1,25.297
18.0,119.0,2.39,3958.0,6.0,30.0,1,8.2066
41.0,99.0,3.76,1036.0,3.0,56.0,1,252.41
8.0,110.0,3.11,1511.0,8.0,24.0,1,25.813
12.0,117.0,3.7,1354.0,8.0,47.0,1,49.107
33.0,144.0,2.5,972.0,10.0,54.0,5,227.43
15.0,102.0,4.05,3975.0,9.0,27.0,1,6.9155
42.0,111.0,2.18,1915.0,5.0,40.0,1,60.012
6.0,109.0,2.91,1742.0,5.0,21.0,1,17.028
23.0,135.0,3.21,665.0,10.0,25.0,0,nan
8.0,55.0,4.79,1205.0,8.0,45.0,1,44.37
27.0,128.0,0.97,1628.0,4.0,30.0,1,61.671
8.0,117.0,4.17,595.0,10.0,44.0,1,167.65
34.0,91.0,0.69,2553.0,8.0,57.0,1,32.661
20.0,71.0,4.67,3105.0,4.0,30.0,1,33.806
13.0,66.0,1.69,1571.0,3.0,59.0,1,48.03
26.0,134.0,3.9,691.0,5.0,54.0,1,365.95
9.0,60.0,2.65,3405.0,7.0,49.0,1,10.329
34.0,83.0,3.58,1895.0,6.0,52.0,1,56.831
15.0,131.0,4.07,3238.0,7.0,33.0,1,10.855
14.0,67.0,2.94,3589.0,7.0,38.0,1,10.45
25.0,125.0,4.79,2650.0,4.0,47.0,1,28.342
43.0,127.0,2.74,1994.0,2.0,50.0,1,87.976
47.0,118.0,3.35,1111.0,8.0,39.0,1,177.97
42.0,107.0,1.83,1216.0,4.0,41.0,1,148.56
37.0,92.0,2.31,2288.0,9.0,45.0,1,38.094
29.0,132.0,0.74,555.0,10.0,45.0,0,nan
23.0,92.0,1.56,3277.0,2.0,45.0,1,29.663
11.0,103.0,4.09,2502.0,7.0,57.0,1,14.639
40.0,145.0,1.16,1189.0,8.0,36.0,0,nan
20.0,138.0,0.58,2744.0,3.0,58.0,1,21.802
11.0,119.0,1.25,1426.0,9.0,30.0,1,38.567
32.0,106.0,1.68,3260.0,2.0,31.0,1,27.12
7.0,97.0,3.18,1751.0,2.0,58.0,1,55.498
13.0,141.0,2.87,3867.0,5.0,23.0,1,7.2947
14.0,144.0,2.12,3411.0,9.0,26.0,1,8.4489
9.0,77.0,4.3,2407.0,5.0,46.0,1,21.563
9.0,136.0,3.84,3743.0,7.0,53.0,1,5.9069
38.0,130.0,0.83,1617.0,3.0,35.0,0,nan
32.0,100.0,4.98,3343.0,3.0,53.0,1,33.69
14.0,50.0,1.68,1501.0,5.0,38.0,1,40.0
43.0,148.0,4.93,1892.0,3.0,57.0,1,89.765
34.0,98.0,3.24,2566.0,5.0,46.0,1,32.018
15.0,130.0,0.59,2763.0,3.0,46.0,1,16.327
38.0,71.0,2.12,2142.0,5.0,56.0,1,47.715
39.0,150.0,3.03,3611.0,8.0,35.0,1,17.188
45.0,137.0,3.03,3014.0,6.0,48.0,1,30.702
13.0,93.0,4.88,2361.0,7.0,34.0,1,18.267
14.0,117.0,1.34,1760.0,9.0,22.0,1,28.521
33.0,76.0,1.38,3139.0,2.0,41.0,1,34.21
20.0,86.0,2.11,3174.0,8.0,31.0,1,11.558
10.0,119.0,2.95,1390.0,3.0,25.0,1,44.388
9.0,97.0,1.91,1767.0,4.0,60.0,1,24.74
29.0,126.0,1.05,3555.0,2.0,42.0,1,21.239
21.0,115.0,0.99,2975.0,7.0,60.0,1,17.262
30.0,57.0,3.31,3299.0,10.0,51.0,1,15.078
32.0,139.0,3.81,3377.0,8.0,43.0,1,18.372
20.0,82.0,3.42,1950.0,8.0,51.0,1,35.687
43.0,137.0,3.01,625.0,10.0,35.0,0,nan
29.0,99.0,4.01,1121.0,4.0,31.0,1,118.72
15.0,143.0,1.41,2701.0,2.0,29.0,1,21.527
44.0,116.0,0.9,3272.0,10.0,58.0,1,25.63
28.0,65.0,3.36,831.0,6.0,45.0,1,212.15
29.0,94.0,1.65,650.0,8.0,37.0,0,nan
6.0,133.0,0.52,1265.0,5.0,26.0,1,28.945
18.0,96.0,2.38,2597.0,6.0,48.0,1,19.4
20.0,103.0,0.62,2187.0,8.0,32.0,1,25.774
37.0,133.0,3.77,765.0,10.0,34.0,0,nan
14.0,83.0,3.71,3542.0,3.0,44.0,1,34.159
6.0,121.0,2.02,3494.0,10.0,47.0,1,4.0217
29.0,99.0,2.78,1313.0,8.0,40.0,1,97.27
21.0,124.0,3.37,3482.0,7.0,29.0,1,11.339
38.0,77.0,0.89,1324.0,8.0,46.0,1,104.45
49.0,138.0,2.15,1486.0,8.0,56.0,3,137.03
34.0,145.0,4.09,1660.0,7.0,57.0,1,84.962
19.0,63.0,3.41,502.0,8.0,39.0,1,415.84
30.0,149.0,4.63,2476.0,3.0,48.0,1,40.072
21.0,86.0,0.87,1674.0,7.0,43.0,1,47.973
16.0,123.0,0.57,2948.0,7.0,57.0,1,13.787
39.0,115.0,4.74,2523.0,5.0,55.0,1,40.914
36.0,142.0,0.7,3573.0,9.0,27.0,1,13.405
9.0,52.0,2.44,3667.0,8.0,22.0,1,9.2815
24.0,92.0,1.73,535.0,9.0,37.0,0,nan
22.0,72.0,4.27,2216.0,6.0,59.0,1,32.708
11.0,80.0,2.56,2167.0,2.0,58.0,1,58.951
39.0,144.0,2.34,3835.0,6.0,37.0,1,15.711
21.0,106.0,1.81,1520.0,5.0,34.0,1,58.678
39.0,115.0,4.36,2198.0,8.0,38.0,1,42.459
45.0,139.0,1.13,2232.0,7.0,53.0,1,57.191
10.0,74.0,0.96,2283.0,9.0,39.0,1,13.559
16.0,72.0,1.95,2263.0,3.0,55.0,1,32.604
18.0,142.0,2.79,2322.0,3.0,51.0,1,29.172
12.0,123.0,3.6,2897.0,6.0,23.0,1,11.038
30.0,116.0,2.63,3916.0,4.0,58.0,1,15.5
6.0,102.0,0.68,1027.0,3.0,52.0,1,48.619
27.0,124.0,4.83,718.0,3.0,51.0,1,376.92
9.0,78.0,3.59,808.0,8.0,56.0,1,103.33
12.0,120.0,4.49,2727.0,2.0,40.0,1,48.567
28.0,133.0,3.07,3322.0,9.0,39.0,1,16.409
19.0,69.0,3.56,520.0,6.0,52.0,1,453.07
45.0,100.0,3.65,1478.0,3.0,42.0,1,109.74
24.0,110.0,1.82,1609.0,9.0,54.0,1,63.585
36.0,101.0,2.82,1601.0,4.0,50.0,1,89.59
17.0,140.0,4.75,2933.0,6.0,29.0,1,14.662
21.0,133.0,4.7,1638.0,8.0,43.0,1,54.94
28.0,118.0,2.69,619.0,3.0,36.0,0,nan
13.0,87.0,3.91,633.0,6.0,51.0,1,233.59
8.0,52.0,2.64,2491.0,4.0,51.0,1,35.143
13.0,65.0,4.25,2016.0,8.0,56.0,1,24.839
15.0,145.0,2.83,3821.0,9.0,26.0,1,7.2099
7.0,89.0,1.97,3028.0,5.0,40.0,1,8.6499
14.0,128.0,4.72,2368.0,8.0,51.0,1,19.246
24.0,56.0,1.42,3246.0,8.0,49.0,1,13.097
38.0,70.0,2.36,3635.0,8.0,57.0,1,16.385
41.0,116.0,4.54,2012.0,2.0,58.0,1,92.6
27.0,86.0,2.74,2381.0,6.0,36.0,1,26.22
14.0,100.0,2.73,2103.0,5.0,36.0,1,23.861
17.0,70.0,1.74,3920.0,3.0,47.0,1,21.801
5.0,119.0,3.49,1231.0,9.0,27.0,1,26.123
16.0,146.0,2.45,748.0,6.0,56.0,1,201.95
32.0,77.0,5.0,3854.0,7.0,45.0,1,14.483
5.0,81.0,0.8,1103.0,5.0,59.0,1,32.625
26.0,132.0,3.92,895.0,5.0,47.0,1,221.76
12.0,106.0,3.78,659.0,10.0,28.0,1,184.54
28.0,138.0,2.25,2228.0,10.0,27.0,1,31.172
30.0,149.0,2.37,1095.0,7.0,33.0,0,nan
37.0,135.0,0.64,2269.0,6.0,48.0,1,46.398
26.0,146.0,0.91,3560.0,6.0,39.0,1,14.031
28.0,145.0,2.89,3701.0,9.0,47.0,1,14.113
43.0,111.0,4.93,3375.0,8.0,58.0,1,23.907
18.0,144.0,1.63,2917.0,5.0,44.0,1,16.009
13.0,53.0,1.95,1091.0,5.0,49.0,1,75.844
21.0,148.0,1.15,2692.0,8.0,20.0,1,16.433
28.0,85.0,2.28,2867.0,6.0,44.0,1,20.766
12.0,141.0,1.35,3236.0,10.0,48.0,1,8.6951
14.0,88.0,1.26,3606.0,4.0,47.0,1,9.9279
41.0,87.0,3.93,1724.0,7.0,54.0,1,78.772
25.0,81.0,0.77,2711.0,9.0,42.0,1,19.792
5.0,149.0,2.61,2178.0,3.0,54.0,1,12.968
27.0,56.0,1.02,2844.0,2.0,50.0,1,40.697
20.0,126.0,2.14,3627.0,4.0,32.0,1,11.767
16.0,70.0,1.29,541.0,9.0,33.0,3,345.43
18.0,147.0,4.47,3525.0,5.0,57.0,1,12.408
42.0,96.0,2.7,1937.0,8.0,44.0,1,56.671
20.0,115.0,2.93,2254.0,7.0,57.0,1,28.783
7.0,146.0,0.79,2346.0,5.0,43.0,1,10.266
32.0,114.0,0.71,1761.0,5.0,51.0,1,68.295
26.0,109.0,3.81,3699.0,9.0,30.0,1,10.692
49.0,68.0,3.26,2677.0,10.0,56.0,1,32.924
25.0,129.0,4.22,2370.0,6.0,43.0,1,30.974
16.0,93.0,3.18,1813.0,9.0,55.0,1,35.08
24.0,95.0,3.95,1647.0,10.0,54.0,1,59.235
23.0,53.0,3.01,2189.0,5.0,57.0,1,35.512
9.0,94.0,4.12,1462.0,3.0,46.0,1,49.049
15.0,142.0,3.53,3168.0,6.0,49.0,1,11.925
19.0,125.0,2.51,3282.0,2.0,22.0,1,27.265
32.0,108.0,0.81,3009.0,5.0,55.0,1,23.934
19.0,91.0,1.66,2122.0,6.0,35.0,1,26.942
10.0,71.0,1.9,3181.0,5.0,50.0,1,11.398
39.0,143.0,0.65,1930.0,9.0,51.0,8,67.093
9.0,105.0,4.45,1902.0,3.0,40.0,1,35.642
7.0,64.0,3.04,2609.0,9.0,50.0,1,9.8307
39.0,147.0,3.39,512.0,8.0,59.0,0,nan
12.0,63.0,2.46,3880.0,4.0,29.0,1,22.625
25.0,111.0,3.65,2756.0,8.0,26.0,1,17.115
23.0,114.0,2.59,643.0,7.0,43.0,1,356.02
24.0,120.0,3.69,1003.0,5.0,43.0,1,161.96
16.0,121.0,2.36,3139.0,7.0,42.0,1,11.989
15.0,89.0,2.69,791.0,5.0,25.0,1,143.35
13.0,88.0,4.06,2035.0,7.0,50.0,1,24.203
22.0,131.0,2.97,3574.0,6.0,46.0,1,12.703
10.0,141.0,4.48,3087.0,2.0,50.0,1,35.182
33.0,134.0,3.43,2042.0,3.0,31.0,1,49.967
24.0,119.0,4.68,2422.0,9.0,33.0,1,25.436
6.0,60.0,1.99,1926.0,9.0,34.0,1,12.677
5.0,125.0,3.64,3078.0,8.0,39.0,1,5.1905
47.0,84.0,3.74,3793.0,5.0,48.0,1,18.548
21.0,75.0,2.98,1970.0,6.0,35.0,1,31.647
17.0,53.0,4.11,1738.0,6.0,58.0,1,43.198
22.0,94.0,4.64,1455.0,3.0,59.0,1,87.425
15.0,112.0,1.37,2449.0,3.0,35.0,1,20.837
26.0,128.0,2.16,1148.0,7.0,25.0,1,102.96
8.0,131.0,3.4,3201.0,8.0,26.0,1,6.4001
7.0,124.0,4.35,3418.0,4.0,47.0,1,12.304
39.0,88.0,2.09,2781.0,7.0,59.0,1,30.901
46.0,101.0,3.83,1080.0,6.0,52.0,1,219.76
29.0,132.0,0.51,2853.0,2.0,49.0,1,31.319
8.0,94.0,1.32,3224.0,7.0,22.0,1,5.7591
39.0,66.0,3.33,1597.0,4.0,55.0,1,86.638
7.0,109.0,4.04,3211.0,7.0,54.0,1,7.2774
12.0,82.0,3.86,2401.0,6.0,28.0,1,17.364
24.0,81.0,2.23,886.0,9.0,30.0,1,145.55
30.0,64.0,2.71,2604.0,8.0,60.0,1,27.089
41.0,140.0,2.57,3719.0,6.0,39.0,1,17.462
49.0,91.0,2.33,1492.0,9.0,53.0,1,114.93
39.0,135.0,1.01,1989.0,6.0,34.0,1,52.258
6.0,55.0,1.85,1529.0,9.0,28.0,1,18.678
18.0,107.0,4.76,2454.0,10.0,31.0,1,19.434
28.0,87.0,2.0,3934.0,5.0,34.0,1,10.84
19.0,112.0,1.51,941.0,7.0,47.0,1,148.19
11.0,50.0,4.0,3749.0,6.0,44.0,1,24.466
6.0,65.0,1.11,3300.0,9.0,23.0,1,4.3316
13.0,106.0,3.99,3908.0,5.0,57.0,1,10.63
30.0,121.0,4.7,3960.0,9.0,53.0,1,13.144
31.0,104.0,0.63,2129.0,7.0,52.0,1,44.135
11.0,56.0,1.55,1862.0,7.0,27.0,1,19.202
37.0,58.0,3.68,3830.0,7.0,53.0,1,15.318
17.0,137.0,1.4,3254.0,5.0,59.0,1,12.552
25.0,78.0,2.42,3328.0,2.0,54.0,1,49.4
25.0,69.0,1.18,2048.0,6.0,41.0,1,32.485
15.0,130.0,1.09,1622.0,8.0,27.0,1,38.536
7.0,72.0,1.08,3127.0,4.0,49.0,1,9.5108
10.0,150.0,1.96,1410.0,9.0,38.0,1,37.917
13.0,57.0,1.38,3995.0,7.0,27.0,1,6.5628
41.0,124.0,3.49,3645.0,4.0,43.0,1,20.277
31.0,139.0,1.22,2066.0,7.0,46.0,1,48.407
8.0,87.0,3.12,684.0,4.0,51.0,1,137.19
